Team,Organizer,Date,Day,Time,Event name,Activity,Event type,Visibility,Tags,Location,City,ZIP,Virtual link,Host organization,Contact name,Contact email,Contact phone,Co-hosts,Collaborating campaigns,Shift full,Team set by,Source,Link,Event ID,Shift ID
2B,John Jerrald,2026-10-08,Thu,12:00 PM – 3:00 PM,Weekday Canvassing for Killin,Canvass,In person,Public,,"Colorado Springs, CO 80904 (address private until signup)",Colorado Springs,80904,,Killin for Colorado,,,,Killin for Colorado,,,"Approximate, from ZIP 80904 (HD 18)",Mobilize,https://www.mobilize.us/coloradodemocraticparty/event/990802/,990802,6161805
2B,John Jerrald,2026-10-08,Thu,1:00 PM – 5:00 PM,"SD 11 Coordinated Phonebank | HD 17, HD 15 (Virtual)",Phone bank,Virtual,Public,Phone Bank; Get out the Vote,Virtual,Colorado Springs,80916,,Colorado Democratic Party,,,,,,,"Title mentions HD 17, HD 15",Mobilize,https://www.mobilize.us/coloradodemocraticparty/event/1047299/,1047299,6521784
2A,Stephanie Bowman,2026-10-08,Thu,1:00 PM – 5:00 PM,SD 9 Coordinated Phonebank | HD 14 (Virtual),Phone bank,Virtual,Public,Phone Bank; Get out the Vote,Virtual,Colorado Springs,80910,,Colorado Democratic Party,,,,,,,Title mentions HD 14,Mobilize,https://www.mobilize.us/coloradodemocraticparty/event/1051191/,1051191,6541139
2B,John Jerrald,2026-10-08,Thu,3:00 PM – 6:00 PM,Weekday Canvassing for Killin,Canvass,In person,Public,,"Colorado Springs, CO 80904 (address private until signup)",Colorado Springs,80904,,Killin for Colorado,,,,Killin for Colorado,,,"Approximate, from ZIP 80904 (HD 18)",Mobilize,https://www.mobilize.us/coloradodemocraticparty/event/990802/,990802,6161853
1B,Faraj Atwi,2026-10-08,Thu,4:00 PM – 7:00 PM,GOTV Canvass Launch with Eliza Hamrick (HD61) & Tom Sullivan (SD27),Canvass,In person,Public,Canvass; Get out the Vote,"Centennial, CO 80016 (address private until signup)",Centennial,80016,,Colorado Democratic Party,,,,,,,"Approximate, from ZIP 80016 (HD 61)",Mobilize,https://www.mobilize.us/coloradodemocraticparty/event/1049058/,1049058,6591829
1A,Emile Smith,2026-10-08,Thu,4:00 PM – 6:00 PM,GW Debate Team Phone Bank,Phone bank,In person,Public,Fellowship; Phone Bank; Youth Organizing,"Denver, CO 80205 (address private until signup)",Denver,80205,,Colorado Democratic Party,,,,,,,"Approximate, from ZIP 80205 (HD 8)",Mobilize,https://www.mobilize.us/coloradodemocraticparty/event/1050761/,1050761,6539208
1A,Emile Smith,2026-10-08,Thu,4:00 PM – 7:00 PM,"Make Calls, Win Colorado: CDP Phone Bank at Team Phil HQ",Phone bank,In person,Public,Denver; Coordinated Campaign; Phone Bank,"3840 York St · Denver, CO 80205",Denver,80205,,Colorado Democratic Party,,,,,,,Event address (HD 8),Mobilize,https://www.mobilize.us/coloradodemocraticparty/event/1050901/,1050901,6539968
2B,John Jerrald,2026-10-08,Thu,5:00 PM – 9:00 PM,"SD 11 Coordinated Phonebank | HD 17, HD 15 (Virtual)",Phone bank,Virtual,Public,Phone Bank; Get out the Vote,Virtual,Colorado Springs,80916,,Colorado Democratic Party,,,,,,,"Title mentions HD 17, HD 15",Mobilize,https://www.mobilize.us/coloradodemocraticparty/event/1047299/,1047299,6521821
2A,Stephanie Bowman,2026-10-08,Thu,5:00 PM – 9:00 PM,SD 9 Coordinated Phonebank | HD 14 (Virtual),Phone bank,Virtual,Public,Phone Bank; Get out the Vote,Virtual,Colorado Springs,80910,,Colorado Democratic Party,,,,,,,Title mentions HD 14,Mobilize,https://www.mobilize.us/coloradodemocraticparty/event/1051191/,1051191,6541141
2B,John Jerrald,2026-10-08,Thu,5:00 PM – 8:00 PM,Weekday Canvassing for Killin,Canvass,In person,Public,,"Colorado Springs, CO 80904 (address private until signup)",Colorado Springs,80904,,Killin for Colorado,,,,Killin for Colorado,,,"Approximate, from ZIP 80904 (HD 18)",Mobilize,https://www.mobilize.us/coloradodemocraticparty/event/990802/,990802,6161901
4,,2026-10-08,Thu,5:30 PM – 7:30 PM,Canvass with Team Manny (Thornton),Canvass,In person,Public,,"Thornton, CO 80260 (address private until signup)",Thornton,80260,,Manny Rutinel for Congress,,,,Manny Rutinel for Congress,,,"Approximate, from ZIP 80260 (HD 31), CD-8 Adams",Mobilize,https://www.mobilize.us/coloradodemocraticparty/event/989322/,989322,6405389
D,,2026-10-08,Thu,5:30 PM – 8:00 PM,Colorado Coordinated Campaign Phone Bank (Distributed),Phone bank,Virtual,Public,,Virtual,,,,Colorado Democratic Party,,,,,,,Virtual event,Mobilize,https://www.mobilize.us/coloradodemocraticparty/event/1055961/,1055961,6578168
D,,2026-10-08,Thu,5:30 PM – 8:00 PM,Colorado Coordinated Campaign Phone Bank (Region 1: Denver Metro),Phone bank,Virtual,Public,,Virtual,,,,Colorado Democratic Party,,,,,,,Virtual event,Mobilize,https://www.mobilize.us/coloradodemocraticparty/event/1055970/,1055970,6578213
D,,2026-10-08,Thu,5:30 PM – 8:00 PM,Colorado Coordinated Campaign Phone Bank (Region 3: CD-3),Phone bank,Virtual,Public,,Virtual,,,,Colorado Democratic Party,,,,,,,Virtual event,Mobilize,https://www.mobilize.us/coloradodemocraticparty/event/1055979/,1055979,6578240
D,,2026-10-09,Fri,12:00 AM – 11:59 PM,Volunteer Interest Form,Community,Virtual,Public,,Virtual,,,https://forms.gle/eWVSJ1Jt2ENrUxoo6,Killin for Colorado,,,,Killin for Colorado,,,Virtual event,Mobilize,https://www.mobilize.us/coloradodemocraticparty/event/896962/,896962,5773002
D,,2026-10-09,Fri,10:00 AM – 3:00 PM,"Monday, Wednesday, and Friday Coordinated Phonebank EPCO",Phone bank,Virtual,Public,Phone Bank; Get out the Vote,Virtual,Colorado Springs,80909,,Colorado Democratic Party,,,,,,,Virtual event,Mobilize,https://www.mobilize.us/coloradodemocraticparty/event/1044055/,1044055,6510024
2B,John Jerrald,2026-10-09,Fri,12:00 PM – 3:00 PM,Weekday Canvassing for Killin,Canvass,In person,Public,,"Colorado Springs, CO 80904 (address private until signup)",Colorado Springs,80904,,Killin for Colorado,,,,Killin for Colorado,,,"Approximate, from ZIP 80904 (HD 18)",Mobilize,https://www.mobilize.us/coloradodemocraticparty/event/990802/,990802,6161817
1A,Emile Smith,2026-10-09,Fri,1:00 PM – 3:00 PM,Community Conversation | Coffee with the CDP | Canvass Launch,Canvass,In person,Public,,"Tonantzin Cafe · 910 Santa Fe Dr · Denver, CO 80204",Denver,80204,,Colorado Democratic Party,,,,,,,Event address (HD 5),Mobilize,https://www.mobilize.us/coloradodemocraticparty/event/1054291/,1054291,6567516
2B,John Jerrald,2026-10-09,Fri,1:00 PM – 5:00 PM,"SD 11 Coordinated Phonebank | HD 17, HD 15 (Virtual)",Phone bank,Virtual,Public,Phone Bank; Get out the Vote,Virtual,Colorado Springs,80916,,Colorado Democratic Party,,,,,,,"Title mentions HD 17, HD 15",Mobilize,https://www.mobilize.us/coloradodemocraticparty/event/1047299/,1047299,6521785
2A,Stephanie Bowman,2026-10-09,Fri,1:00 PM – 5:00 PM,SD 9 Coordinated Phonebank | HD 14 (Virtual),Phone bank,Virtual,Public,Phone Bank; Get out the Vote,Virtual,Colorado Springs,80910,,Colorado Democratic Party,,,,,,,Title mentions HD 14,Mobilize,https://www.mobilize.us/coloradodemocraticparty/event/1051191/,1051191,6541143
2B,John Jerrald,2026-10-09,Fri,3:00 PM – 6:00 PM,Weekday Canvassing for Killin,Canvass,In person,Public,,"Colorado Springs, CO 80904 (address private until signup)",Colorado Springs,80904,,Killin for Colorado,,,,Killin for Colorado,,,"Approximate, from ZIP 80904 (HD 18)",Mobilize,https://www.mobilize.us/coloradodemocraticparty/event/990802/,990802,6161865
D,,2026-10-09,Fri,5:00 PM – 8:00 PM,"Monday, Wednesday, and Friday Coordinated Phonebank EPCO",Phone bank,Virtual,Public,Phone Bank; Get out the Vote,Virtual,Colorado Springs,80909,,Colorado Democratic Party,,,,,,,Virtual event,Mobilize,https://www.mobilize.us/coloradodemocraticparty/event/1044055/,1044055,6503207
2B,John Jerrald,2026-10-09,Fri,5:00 PM – 6:00 PM,Republicans for Killin Meet & Greet,Community,In person,Public,,"Colorado Springs, CO 80906 (address private until signup)",Colorado Springs,80906,,Killin for Colorado,,,,Killin for Colorado,,,"Approximate, from ZIP 80906 (HD 18)",Mobilize,https://www.mobilize.us/coloradodemocraticparty/event/1043943/,1043943,6502611
2B,John Jerrald,2026-10-09,Fri,5:00 PM – 9:00 PM,"SD 11 Coordinated Phonebank | HD 17, HD 15 (Virtual)",Phone bank,Virtual,Public,Phone Bank; Get out the Vote,Virtual,Colorado Springs,80916,,Colorado Democratic Party,,,,,,,"Title mentions HD 17, HD 15",Mobilize,https://www.mobilize.us/coloradodemocraticparty/event/1047299/,1047299,6521822
2A,Stephanie Bowman,2026-10-09,Fri,5:00 PM – 9:00 PM,SD 9 Coordinated Phonebank | HD 14 (Virtual),Phone bank,Virtual,Public,Phone Bank; Get out the Vote,Virtual,Colorado Springs,80910,,Colorado Democratic Party,,,,,,,Title mentions HD 14,Mobilize,https://www.mobilize.us/coloradodemocraticparty/event/1051191/,1051191,6541145
2B,John Jerrald,2026-10-09,Fri,5:00 PM – 8:00 PM,Weekday Canvassing for Killin,Canvass,In person,Public,,"Colorado Springs, CO 80904 (address private until signup)",Colorado Springs,80904,,Killin for Colorado,,,,Killin for Colorado,,,"Approximate, from ZIP 80904 (HD 18)",Mobilize,https://www.mobilize.us/coloradodemocraticparty/event/990802/,990802,6161913
D,,2026-10-10,Sat,12:00 AM – 11:59 PM,Volunteer Interest Form,Community,Virtual,Public,,Virtual,,,https://forms.gle/eWVSJ1Jt2ENrUxoo6,Killin for Colorado,,,,Killin for Colorado,,,Virtual event,Mobilize,https://www.mobilize.us/coloradodemocraticparty/event/896962/,896962,5773003
2B,John Jerrald,2026-10-10,Sat,9:00 AM – 12:00 PM,Weekend Canvassing for Killin: COS,Canvass,In person,Public,,"Colorado Springs, CO 80904 (address private until signup)",Colorado Springs,80904,,Killin for Colorado,,,,Killin for Colorado,,,"Approximate, from ZIP 80904 (HD 18)",Mobilize,https://www.mobilize.us/coloradodemocraticparty/event/942482/,942482,6461864
2C,Yvonne Weissbarth,2026-10-10,Sat,9:00 AM – 12:00 PM,Weekend Canvassing for Killin: Monument,Canvass,In person,Public,,"Monument, CO 80132 (address private until signup)",Monument,80132,,Killin for Colorado,,,,Killin for Colorado,,,"Approximate, from ZIP 80132 (HD 20)",Mobilize,https://www.mobilize.us/coloradodemocraticparty/event/1052330/,1052330,6545276
2C,Yvonne Weissbarth,2026-10-10,Sat,9:00 AM – 12:00 PM,Weekend Canvassing for Killin: Widefield,Canvass,In person,Public,,"Fountain, CO 80817 (address private until signup)",Fountain,80817,,Killin for Colorado,,,,Killin for Colorado,,,"Approximate, from ZIP 80817 (HD 21)",Mobilize,https://www.mobilize.us/coloradodemocraticparty/event/1052339/,1052339,6545317
3A,Keith Pierce,2026-10-10,Sat,9:30 AM – 1:00 PM,Mesa County Weekly Canvass for Coordinated Slate,Canvass,In person,Public,Coordinated Campaign; Mesa County; Canvass,"Mesa Dems Office · 310 N 7th St, Unit 2 · Grand Junction, CO 81501",Grand Junction,81501,,Colorado Democratic Party,,,,,,,Event address (HD 55),Mobilize,https://www.mobilize.us/coloradodemocraticparty/event/1054964/,1054964,6573430
1B,Faraj Atwi,2026-10-10,Sat,10:00 AM – 12:00 PM,Canvass Launch with Bob Marshall HD-43,Canvass,In person,Public,Canvass; Get out the Vote,"Highlands Ranch Library · 9292 Ridgeline Blvd · Littleton, CO 80129",Littleton,80129,,Colorado Democratic Party,,,,,,,Event address (HD 43),Mobilize,https://www.mobilize.us/coloradodemocraticparty/event/1049677/,1049677,6534108
4,,2026-10-10,Sat,10:00 AM – 1:00 PM,Canvass with Team Manny (Thornton),Canvass,In person,Public,,"Thornton, CO 80260 (address private until signup)",Thornton,80260,,Manny Rutinel for Congress,,,,Manny Rutinel for Congress,,,"Approximate, from ZIP 80260 (HD 31), CD-8 Adams",Mobilize,https://www.mobilize.us/coloradodemocraticparty/event/989322/,989322,6154724
4,,2026-10-10,Sat,10:00 AM – 1:00 PM,Canvass with Team Manny and Social Security Works Colorado!,Canvass,In person,Public,,"Denver, CO 80260 (address private until signup)",Denver,80260,,Manny Rutinel for Congress,,,,Manny Rutinel for Congress,,,"Approximate, from ZIP 80260 (HD 31), CD-8 Adams",Mobilize,https://www.mobilize.us/coloradodemocraticparty/event/998033/,998033,6197443
4,,2026-10-10,Sat,10:00 AM – 1:30 PM,"Canvass with Team Manny, Jefferson County Latino Initiative, Thornton Council Member Justin Martinez",Canvass,In person,Public,,"Denver, CO 80260 (address private until signup)",Denver,80260,,Manny Rutinel for Congress,,,,Manny Rutinel for Congress,,,"Approximate, from ZIP 80260 (HD 31), CD-8 Adams",Mobilize,https://www.mobilize.us/coloradodemocraticparty/event/1051836/,1051836,6543279
3A,Keith Pierce,2026-10-10,Sat,10:00 AM – 12:00 PM,Eagle County Democrats Canvass & Lit Drop in Basalt,Canvass,In person,Public,Eagle County; Canvass; Get out the Vote,"Basalt, CO 81621 (address private until signup)",Basalt,81621,,Colorado Democratic Party,,,,,,,"Approximate, from ZIP 81621 (HD 57)",Mobilize,https://www.mobilize.us/coloradodemocraticparty/event/1053437/,1053437,6560547
3A,Keith Pierce,2026-10-10,Sat,10:00 AM – 12:00 PM,Eagle County Democrats Canvass & Lit Drop in Eagle,Canvass,In person,Public,Eagle County; Canvass; Get out the Vote,"Eagle, CO 81631 (address private until signup)",Eagle,81631,,Colorado Democratic Party,,,,,,,"Approximate, from ZIP 81631 (HD 26)",Mobilize,https://www.mobilize.us/coloradodemocraticparty/event/1053472/,1053472,6560871
D,,2026-10-10,Sat,10:00 AM – 12:00 PM,Eagle County Democrats Canvass & Lit Drop in Eagle Vail,Canvass,In person,Public,Eagle County; Canvass; Get out the Vote,"Avon, CO 81620 (address private until signup)",Avon,81620,,Colorado Democratic Party,,,,,,,"Approximate, from ZIP 81620 (HD 26), outside regional turf",Mobilize,https://www.mobilize.us/coloradodemocraticparty/event/1053453/,1053453,6560609
D,,2026-10-10,Sat,10:00 AM – 12:00 PM,Eagle County Democrats Canvass & Lit Drop in Edwards,Canvass,In person,Public,Eagle County; Canvass; Get out the Vote,"Edwards, CO 81632 (address private until signup)",Edwards,81632,,Colorado Democratic Party,,,,,,,"Approximate, from ZIP 81632 (HD 26), outside regional turf",Mobilize,https://www.mobilize.us/coloradodemocraticparty/event/1052829/,1052829,6554442
2B,John Jerrald,2026-10-10,Sat,10:00 AM – 12:00 PM,GOTV - Coordinated Campaign Canvas in El Paso County,Canvass,In person,Public,Drivers; Canvass; Get out the Vote,"Colorado Springs, CO 80909 (address private until signup)",Colorado Springs,80909,,Colorado Democratic Party,,,,,,,"Approximate, from ZIP 80909 (HD 16)",Mobilize,https://www.mobilize.us/coloradodemocraticparty/event/1039398/,1039398,6472282
1B,Faraj Atwi,2026-10-10,Sat,10:00 AM – 12:00 PM,GOTV Canvass Launch with Eliza Hamrick (HD61) & Tom Sullivan (SD27),Canvass,In person,Public,Canvass; Get out the Vote,"Centennial, CO 80016 (address private until signup)",Centennial,80016,,Colorado Democratic Party,,,,,,,"Approximate, from ZIP 80016 (HD 61)",Mobilize,https://www.mobilize.us/coloradodemocraticparty/event/1049058/,1049058,6531316
1B,Faraj Atwi,2026-10-10,Sat,10:00 AM – 12:00 PM,GOTV Canvass Launch with HD37 Chad Clifford,Canvass,In person,Public,Canvass; Get out the Vote,"9300 E Orchard Rd · Greenwood Village, CO 80111",Greenwood Village,80111,,Colorado Democratic Party,,,,,,,Event address (HD 37),Mobilize,https://www.mobilize.us/coloradodemocraticparty/event/1056999/,1056999,6582824
D,,2026-10-10,Sat,10:00 AM – 1:00 PM,GOTV Rally + Launch with Senadora Julie Gonzales + Senator Janice Marchman,Canvass,In person,Public,,"BENSON SCULPTURE GARDEN PARKING · 1303-453 Aspen Dr · Loveland, CO 80538",Loveland,80538,,Colorado Democratic Party,,,,,,,"Event address (HD 51), outside regional turf",Mobilize,https://www.mobilize.us/coloradodemocraticparty/event/1056799/,1056799,6581758
3B,Garrett Kelley,2026-10-10,Sat,10:00 AM – 11:30 AM,Huerfano Dems GOTV Canvass Launch,Canvass,In person,Public,GOTV; Canvass,"Heritage Park · 424 Main St · Walsenburg, CO 81089",Walsenburg,81089,,Colorado Democratic Party,,,,,,,Event address (HD 47),Mobilize,https://www.mobilize.us/coloradodemocraticparty/event/1056374/,1056374,6579871
2B,John Jerrald,2026-10-10,Sat,10:00 AM – 12:00 PM,Sen. Exum SD 11 & Rep. Dr. English HD 17 | Colorado Springs Canvass,Canvass,In person,Public,Canvass; Get out the Vote,"2054 Jetwing Dr. , Colorado Springs, CO, United States, 80916 · 2054 Jet Wing Dr · Colorado Springs, CO 80916",Colorado Springs,80916,,Colorado Democratic Party,,,,,,,Event address (HD 17),Mobilize,https://www.mobilize.us/coloradodemocraticparty/event/1045785/,1045785,6513584
D,,2026-10-10,Sat,11:00 AM – 2:00 PM,Canvass Launch in Salida with SD-4 Candidate Justin Kurth and HD-13 Candidate Consuelo Redhorse!,Canvass,In person,Public,Canvass; Rural; Justin Kurth,"Salida, CO 81201 (address private until signup)",Salida,81201,,Colorado Democratic Party,,,,,,,"Approximate, from ZIP 81201 (HD 13), outside regional turf",Mobilize,https://www.mobilize.us/coloradodemocraticparty/event/1049258/,1049258,6532206
1B,Faraj Atwi,2026-10-10,Sat,11:00 AM – 12:00 PM,Canvass Launch with Kevin Leung SD30,Canvass,In person,Public,Canvass; Get out the Vote,"Cook Creek Pool · 8711 Lone Tree Pkwy · Lone Tree, CO 80124",Lone Tree,80124,,Colorado Democratic Party,,,,,,,Event address (HD 39),Mobilize,https://www.mobilize.us/coloradodemocraticparty/event/1049178/,1049178,6531903
1B,Faraj Atwi,2026-10-10,Sat,11:00 AM – 1:00 PM,GOTV Canvass Launch with HD42 Sarah Woodson,Canvass,In person,Public,Canvass; Get out the Vote,"Del Mar Park · 12000 E 6th Ave · Aurora, CO 80010",Aurora,80010,,Colorado Democratic Party,,,,,,,Event address (HD 42),Mobilize,https://www.mobilize.us/coloradodemocraticparty/event/1057358/,1057358,6586105
4,,2026-10-10,Sat,11:00 AM – 2:00 PM,Get Out The Vote (GOTV) With Tommy Butler HD - 50,Canvass,In person,Public,,"Greeley · Garden City, CO 80631",Garden City,80631,,Colorado Democratic Party,,,,,,,"Event address (HD 63), CD-8 Weld",Mobilize,https://www.mobilize.us/coloradodemocraticparty/event/1024382/,1024382,6370491
4,,2026-10-10,Sat,11:00 AM – 2:00 PM,Knock Doors with Team Manny Greeley with Tommy Butler for HD 50!,Canvass,In person,Public,,"Greeley, CO 80631 (address private until signup)",Greeley,80631,,Colorado Democratic Party,,,,,,,"Approximate, from ZIP 80631 (HD 50), CD-8 Weld",Mobilize,https://www.mobilize.us/coloradodemocraticparty/event/1039390/,1039390,6472243
2B,John Jerrald,2026-10-10,Sat,11:00 AM – 5:00 PM,Yard Sign Pick-Up,Meeting,In person,Public,,"Colorado Springs, CO 80904 (address private until signup)",Colorado Springs,80904,,Killin for Colorado,,,,Killin for Colorado,,,"Approximate, from ZIP 80904 (HD 18)",Mobilize,https://www.mobilize.us/coloradodemocraticparty/event/1002185/,1002185,6518806
3A,Keith Pierce,2026-10-10,Sat,12:00 PM – 2:00 PM,Delta Canvass Launch with Nathan Clay & Mallory Martin,Canvass,In person,Public,Canvass; Delta County; Meet The Local Candidates,"540 Main St · Delta, CO 81416",Delta,81416,,Colorado Democratic Party,,,,,,,Event address (HD 54),Mobilize,https://www.mobilize.us/coloradodemocraticparty/event/1054257/,1054257,6567263
2B,John Jerrald,2026-10-10,Sat,12:00 PM – 2:00 PM,GOTV - Coordinated Campaign Canvas in El Paso County,Canvass,In person,Public,Drivers; Canvass; Get out the Vote,"Colorado Springs, CO 80909 (address private until signup)",Colorado Springs,80909,,Colorado Democratic Party,,,,,,,"Approximate, from ZIP 80909 (HD 16)",Mobilize,https://www.mobilize.us/coloradodemocraticparty/event/1039398/,1039398,6472288
2B,John Jerrald,2026-10-10,Sat,12:00 PM – 2:00 PM,Sen. Exum SD 11 & Rep. Dr. English HD 17 | Colorado Springs Canvass,Canvass,In person,Public,Canvass; Get out the Vote,"2054 Jetwing Dr. , Colorado Springs, CO, United States, 80916 · 2054 Jet Wing Dr · Colorado Springs, CO 80916",Colorado Springs,80916,,Colorado Democratic Party,,,,,,,Event address (HD 17),Mobilize,https://www.mobilize.us/coloradodemocraticparty/event/1045785/,1045785,6513589
2B,John Jerrald,2026-10-10,Sat,12:00 PM – 3:00 PM,Weekend Canvassing for Killin: COS,Canvass,In person,Public,,"Colorado Springs, CO 80904 (address private until signup)",Colorado Springs,80904,,Killin for Colorado,,,,Killin for Colorado,,,"Approximate, from ZIP 80904 (HD 18)",Mobilize,https://www.mobilize.us/coloradodemocraticparty/event/942482/,942482,6461868
2C,Yvonne Weissbarth,2026-10-10,Sat,12:00 PM – 3:00 PM,Weekend Canvassing for Killin: Monument,Canvass,In person,Public,,"Monument, CO 80132 (address private until signup)",Monument,80132,,Killin for Colorado,,,,Killin for Colorado,,,"Approximate, from ZIP 80132 (HD 20)",Mobilize,https://www.mobilize.us/coloradodemocraticparty/event/1052330/,1052330,6545277
2C,Yvonne Weissbarth,2026-10-10,Sat,12:00 PM – 3:00 PM,Weekend Canvassing for Killin: Widefield,Canvass,In person,Public,,"Fountain, CO 80817 (address private until signup)",Fountain,80817,,Killin for Colorado,,,,Killin for Colorado,,,"Approximate, from ZIP 80817 (HD 21)",Mobilize,https://www.mobilize.us/coloradodemocraticparty/event/1052339/,1052339,6545318
4,,2026-10-10,Sat,1:00 PM – 3:00 PM,Join Phil Weiser and Rep. Goldstein For a Special Canvass!,Canvass,In person,Public,,"Westfield Village Park · 11550 Wolff St · Westminster, CO 80031",Westminster,80031,,Colorado Democratic Party,,,,,,,"Event address (HD 29), CD-8 Adams",Mobilize,https://www.mobilize.us/coloradodemocraticparty/event/1027581/,1027581,6396389
4,,2026-10-10,Sat,1:00 PM – 4:00 PM,Knock Doors with Team Manny Greeley with Tommy Butler for HD 50!,Canvass,In person,Public,,"Greeley, CO 80631 (address private until signup)",Greeley,80631,,Colorado Democratic Party,,,,,,,"Approximate, from ZIP 80631 (HD 50), CD-8 Weld",Mobilize,https://www.mobilize.us/coloradodemocraticparty/event/1039390/,1039390,6472249
2B,John Jerrald,2026-10-10,Sat,1:00 PM – 5:00 PM,"SD 11 Coordinated Phonebank | HD 17, HD 15 (Virtual)",Phone bank,Virtual,Public,Phone Bank; Get out the Vote,Virtual,Colorado Springs,80916,,Colorado Democratic Party,,,,,,,"Title mentions HD 17, HD 15",Mobilize,https://www.mobilize.us/coloradodemocraticparty/event/1047299/,1047299,6521786
2A,Stephanie Bowman,2026-10-10,Sat,1:00 PM – 5:00 PM,SD 9 Coordinated Phonebank | HD 14 (Virtual),Phone bank,Virtual,Public,Phone Bank; Get out the Vote,Virtual,Colorado Springs,80910,,Colorado Democratic Party,,,,,,,Title mentions HD 14,Mobilize,https://www.mobilize.us/coloradodemocraticparty/event/1051190/,1051190,6541138
2A,Stephanie Bowman,2026-10-10,Sat,1:00 PM – 5:00 PM,SD 9 Coordinated Phonebank | HD 14 (Virtual),Phone bank,Virtual,Public,Phone Bank; Get out the Vote,Virtual,Colorado Springs,80910,,Colorado Democratic Party,,,,,,,Title mentions HD 14,Mobilize,https://www.mobilize.us/coloradodemocraticparty/event/1051191/,1051191,6541147
2B,John Jerrald,2026-10-10,Sat,2:00 PM – 4:00 PM,GOTV - Coordinated Campaign Canvas in El Paso County,Canvass,In person,Public,Drivers; Canvass; Get out the Vote,"Colorado Springs, CO 80909 (address private until signup)",Colorado Springs,80909,,Colorado Democratic Party,,,,,,,"Approximate, from ZIP 80909 (HD 16)",Mobilize,https://www.mobilize.us/coloradodemocraticparty/event/1039398/,1039398,6472294
2B,John Jerrald,2026-10-10,Sat,2:00 PM – 4:00 PM,Sen. Exum SD 11 & Rep. Dr. English HD 17 | Colorado Springs Canvass,Canvass,In person,Public,Canvass; Get out the Vote,"2054 Jetwing Dr. , Colorado Springs, CO, United States, 80916 · 2054 Jet Wing Dr · Colorado Springs, CO 80916",Colorado Springs,80916,,Colorado Democratic Party,,,,,,,Event address (HD 17),Mobilize,https://www.mobilize.us/coloradodemocraticparty/event/1045785/,1045785,6513594
D,,2026-10-10,Sat,3:00 PM – 5:00 PM,Phone Bank with Team Manny,Phone bank,Virtual,Public,,Virtual,,,,Manny Rutinel for Congress,,,,Manny Rutinel for Congress,,,Virtual event,Mobilize,https://www.mobilize.us/coloradodemocraticparty/event/991415/,991415,6534360
D,,2026-10-10,Sat,3:00 PM – 5:30 PM,Phonebank for Dwayne!,Phone bank,Virtual,Public,Phonebank; Phone Bank; Phonebanking,Virtual,,,,Romero For Colorado,,,,Romero For Colorado,,,Virtual event,Mobilize,https://www.mobilize.us/coloradodemocraticparty/event/1033023/,1033023,6443202
2B,John Jerrald,2026-10-10,Sat,3:00 PM – 6:00 PM,Weekend Canvassing for Killin: COS,Canvass,In person,Public,,"Colorado Springs, CO 80904 (address private until signup)",Colorado Springs,80904,,Killin for Colorado,,,,Killin for Colorado,,,"Approximate, from ZIP 80904 (HD 18)",Mobilize,https://www.mobilize.us/coloradodemocraticparty/event/942482/,942482,6461872
2C,Yvonne Weissbarth,2026-10-10,Sat,3:00 PM – 6:00 PM,Weekend Canvassing for Killin: Monument,Canvass,In person,Public,,"Monument, CO 80132 (address private until signup)",Monument,80132,,Killin for Colorado,,,,Killin for Colorado,,,"Approximate, from ZIP 80132 (HD 20)",Mobilize,https://www.mobilize.us/coloradodemocraticparty/event/1052330/,1052330,6545278
2C,Yvonne Weissbarth,2026-10-10,Sat,3:00 PM – 6:00 PM,Weekend Canvassing for Killin: Widefield,Canvass,In person,Public,,"Fountain, CO 80817 (address private until signup)",Fountain,80817,,Killin for Colorado,,,,Killin for Colorado,,,"Approximate, from ZIP 80817 (HD 21)",Mobilize,https://www.mobilize.us/coloradodemocraticparty/event/1052339/,1052339,6545319
2B,John Jerrald,2026-10-10,Sat,5:00 PM – 9:00 PM,"SD 11 Coordinated Phonebank | HD 17, HD 15 (Virtual)",Phone bank,Virtual,Public,Phone Bank; Get out the Vote,Virtual,Colorado Springs,80916,,Colorado Democratic Party,,,,,,,"Title mentions HD 17, HD 15",Mobilize,https://www.mobilize.us/coloradodemocraticparty/event/1047299/,1047299,6521823
2A,Stephanie Bowman,2026-10-10,Sat,5:00 PM – 9:00 PM,SD 9 Coordinated Phonebank | HD 14 (Virtual),Phone bank,Virtual,Public,Phone Bank; Get out the Vote,Virtual,Colorado Springs,80910,,Colorado Democratic Party,,,,,,,Title mentions HD 14,Mobilize,https://www.mobilize.us/coloradodemocraticparty/event/1051191/,1051191,6541149
2B,John Jerrald,2026-10-10,Sat,5:00 PM – 8:00 PM,Weekend Canvassing for Killin: COS,Canvass,In person,Public,,"Colorado Springs, CO 80904 (address private until signup)",Colorado Springs,80904,,Killin for Colorado,,,,Killin for Colorado,,,"Approximate, from ZIP 80904 (HD 18)",Mobilize,https://www.mobilize.us/coloradodemocraticparty/event/942482/,942482,6461876
2C,Yvonne Weissbarth,2026-10-10,Sat,5:00 PM – 8:00 PM,Weekend Canvassing for Killin: Monument,Canvass,In person,Public,,"Monument, CO 80132 (address private until signup)",Monument,80132,,Killin for Colorado,,,,Killin for Colorado,,,"Approximate, from ZIP 80132 (HD 20)",Mobilize,https://www.mobilize.us/coloradodemocraticparty/event/1052330/,1052330,6545279
2C,Yvonne Weissbarth,2026-10-10,Sat,5:00 PM – 8:00 PM,Weekend Canvassing for Killin: Widefield,Canvass,In person,Public,,"Fountain, CO 80817 (address private until signup)",Fountain,80817,,Killin for Colorado,,,,Killin for Colorado,,,"Approximate, from ZIP 80817 (HD 21)",Mobilize,https://www.mobilize.us/coloradodemocraticparty/event/1052339/,1052339,6545320
D,,2026-10-11,Sun,12:00 AM – 11:59 PM,Volunteer Interest Form,Community,Virtual,Public,,Virtual,,,https://forms.gle/eWVSJ1Jt2ENrUxoo6,Killin for Colorado,,,,Killin for Colorado,,,Virtual event,Mobilize,https://www.mobilize.us/coloradodemocraticparty/event/896962/,896962,5773004
D,,2026-10-11,Sun,9:00 AM – 3:00 PM,Get Out The Vote (GOTV) With Jacki Marsh HD - 51,Canvass,In person,Public,,"Benson Sculpture Garden · 1125 W 29th St · Loveland, CO 80538",Loveland,80538,,Colorado Democratic Party,,,,,,,"Event address (HD 51), outside regional turf",Mobilize,https://www.mobilize.us/coloradodemocraticparty/event/1024386/,1024386,6370500
2B,John Jerrald,2026-10-11,Sun,9:00 AM – 12:00 PM,Weekend Canvassing for Killin: COS,Canvass,In person,Public,,"Colorado Springs, CO 80904 (address private until signup)",Colorado Springs,80904,,Killin for Colorado,,,,Killin for Colorado,,,"Approximate, from ZIP 80904 (HD 18)",Mobilize,https://www.mobilize.us/coloradodemocraticparty/event/942482/,942482,6461880
2C,Yvonne Weissbarth,2026-10-11,Sun,9:00 AM – 12:00 PM,Weekend Canvassing for Killin: Monument,Canvass,In person,Public,,"Monument, CO 80132 (address private until signup)",Monument,80132,,Killin for Colorado,,,,Killin for Colorado,,,"Approximate, from ZIP 80132 (HD 20)",Mobilize,https://www.mobilize.us/coloradodemocraticparty/event/1052330/,1052330,6545280
2C,Yvonne Weissbarth,2026-10-11,Sun,9:00 AM – 12:00 PM,Weekend Canvassing for Killin: Widefield,Canvass,In person,Public,,"Fountain, CO 80817 (address private until signup)",Fountain,80817,,Killin for Colorado,,,,Killin for Colorado,,,"Approximate, from ZIP 80817 (HD 21)",Mobilize,https://www.mobilize.us/coloradodemocraticparty/event/1052339/,1052339,6545321
4,,2026-10-11,Sun,10:00 AM – 12:30 PM,Canvass East Greeley with Team Manny!,Canvass,In person,Public,,"Greeley, CO 80631 (address private until signup)",Greeley,80631,,Manny Rutinel for Congress,,,,Manny Rutinel for Congress,,,"Approximate, from ZIP 80631 (HD 50), CD-8 Weld",Mobilize,https://www.mobilize.us/coloradodemocraticparty/event/1048250/,1048250,6527870
4,,2026-10-11,Sun,10:00 AM – 1:00 PM,Canvass with Team Manny (Thornton),Canvass,In person,Public,,"Thornton, CO 80260 (address private until signup)",Thornton,80260,,Manny Rutinel for Congress,,,,Manny Rutinel for Congress,,,"Approximate, from ZIP 80260 (HD 31), CD-8 Adams",Mobilize,https://www.mobilize.us/coloradodemocraticparty/event/989322/,989322,6154739
3A,Keith Pierce,2026-10-11,Sun,10:00 AM – 12:00 PM,Eagle County Democrats Canvass & Lit Drop in Basalt,Canvass,In person,Public,Eagle County; Canvass; Get out the Vote,"Basalt, CO 81621 (address private until signup)",Basalt,81621,,Colorado Democratic Party,,,,,,,"Approximate, from ZIP 81621 (HD 57)",Mobilize,https://www.mobilize.us/coloradodemocraticparty/event/1053500/,1053500,6561220
3A,Keith Pierce,2026-10-11,Sun,10:00 AM – 12:00 PM,Eagle County Democrats Canvass & Lit Drop in Eagle,Canvass,In person,Public,Eagle County; Canvass; Get out the Vote,"Eagle, CO 81631 (address private until signup)",Eagle,81631,,Colorado Democratic Party,,,,,,,"Approximate, from ZIP 81631 (HD 26)",Mobilize,https://www.mobilize.us/coloradodemocraticparty/event/1053477/,1053477,6560939
D,,2026-10-11,Sun,10:00 AM – 12:00 PM,Eagle County Democrats Canvass & Lit Drop in Eagle Vail,Canvass,In person,Public,Eagle County; Canvass; Get out the Vote,"Avon, CO 81620 (address private until signup)",Avon,81620,,Colorado Democratic Party,,,,,,,"Approximate, from ZIP 81620 (HD 26), outside regional turf",Mobilize,https://www.mobilize.us/coloradodemocraticparty/event/1053487/,1053487,6561071
D,,2026-10-11,Sun,10:00 AM – 12:00 PM,Eagle County Democrats Canvass & Lit Drop in Edwards,Canvass,In person,Public,Eagle County; Canvass; Get out the Vote,"Edwards, CO 81632 (address private until signup)",Edwards,81632,,Colorado Democratic Party,,,,,,,"Approximate, from ZIP 81632 (HD 26), outside regional turf",Mobilize,https://www.mobilize.us/coloradodemocraticparty/event/1053494/,1053494,6561153
1B,Faraj Atwi,2026-10-11,Sun,10:00 AM – 12:00 PM,GOTV Canvass Launch with Eliza Hamrick (HD61) & Tom Sullivan (SD27),Canvass,In person,Public,Canvass; Get out the Vote,"Centennial, CO 80016 (address private until signup)",Centennial,80016,,Colorado Democratic Party,,,,,,,"Approximate, from ZIP 80016 (HD 61)",Mobilize,https://www.mobilize.us/coloradodemocraticparty/event/1049058/,1049058,6531317
1A,Emile Smith,2026-10-11,Sun,10:00 AM – 1:00 PM,Get Out The Vote | Coordinated Canvass Launch with Rep. Tammy Story in HD-25,Canvass,In person,Public,,"Chaucer Park · 10558 W Vista View Dr · Littleton, CO 80127",Littleton,80127,,Colorado Democratic Party,,,,,,,Event address (HD 25),Mobilize,https://www.mobilize.us/coloradodemocraticparty/event/1055355/,1055355,6575534
4,,2026-10-11,Sun,10:00 AM – 11:00 AM,"Tamales, Bagels, and Canvassing with Manny!!!(Thornton)",Canvass,In person,Public,,"Thornton, CO 80260 (address private until signup)",Thornton,80260,,Manny Rutinel for Congress,,,,Manny Rutinel for Congress,,,"Approximate, from ZIP 80260 (HD 31), CD-8 Adams",Mobilize,https://www.mobilize.us/coloradodemocraticparty/event/1056178/,1056178,6579015
4,,2026-10-11,Sun,11:00 AM – 1:00 PM,Bagels and Canvassing with Manny - Frederick!,Canvass,In person,Public,,"Frederick, CO 80530 (address private until signup)",Frederick,80530,,Manny Rutinel for Congress,,,,Manny Rutinel for Congress,,,"Approximate, from ZIP 80530 (HD 19), CD-8 Weld",Mobilize,https://www.mobilize.us/coloradodemocraticparty/event/1056235/,1056235,6579397
1B,Faraj Atwi,2026-10-11,Sun,11:00 AM – 12:00 PM,Canvass Launch with Kevin Leung SD30,Canvass,In person,Public,Canvass; Get out the Vote,"Cook Creek Pool · 8711 Lone Tree Pkwy · Lone Tree, CO 80124",Lone Tree,80124,,Colorado Democratic Party,,,,,,,Event address (HD 39),Mobilize,https://www.mobilize.us/coloradodemocraticparty/event/1049178/,1049178,6531907
4,,2026-10-11,Sun,11:00 AM – 2:00 PM,Knock Doors with Team Manny Greeley with Tommy Butler for HD 50!,Canvass,In person,Public,,"Greeley, CO 80631 (address private until signup)",Greeley,80631,,Colorado Democratic Party,,,,,,,"Approximate, from ZIP 80631 (HD 50), CD-8 Weld",Mobilize,https://www.mobilize.us/coloradodemocraticparty/event/1039390/,1039390,6534818
4,,2026-10-11,Sun,11:00 AM – 2:00 PM,Knock Doors with Team Manny and Team Jillaire for HD 19!,Canvass,In person,Public,,"Frederick, CO 80530 (address private until signup)",Frederick,80530,,Manny Rutinel for Congress,,,,Manny Rutinel for Congress,,,"Approximate, from ZIP 80530 (HD 19), CD-8 Weld",Mobilize,https://www.mobilize.us/coloradodemocraticparty/event/1046731/,1046731,6518855
2B,John Jerrald,2026-10-11,Sun,11:00 AM – 5:00 PM,Yard Sign Pick-Up,Meeting,In person,Public,,"Colorado Springs, CO 80904 (address private until signup)",Colorado Springs,80904,,Killin for Colorado,,,,Killin for Colorado,,,"Approximate, from ZIP 80904 (HD 18)",Mobilize,https://www.mobilize.us/coloradodemocraticparty/event/1002185/,1002185,6518807
2B,John Jerrald,2026-10-11,Sun,12:00 PM – 2:00 PM,GOTV - Coordinated Campaign Canvas in El Paso County,Canvass,In person,Public,Drivers; Canvass; Get out the Vote,"Colorado Springs, CO 80909 (address private until signup)",Colorado Springs,80909,,Colorado Democratic Party,,,,,,,"Approximate, from ZIP 80909 (HD 16)",Mobilize,https://www.mobilize.us/coloradodemocraticparty/event/1039398/,1039398,6472332
2B,John Jerrald,2026-10-11,Sun,12:00 PM – 2:00 PM,Sen. Exum SD 11 & Rep. Dr. English HD 17 | Colorado Springs Canvass,Canvass,In person,Public,Canvass; Get out the Vote,"2054 Jetwing Dr. , Colorado Springs, CO, United States, 80916 · 2054 Jet Wing Dr · Colorado Springs, CO 80916",Colorado Springs,80916,,Colorado Democratic Party,,,,,,,Event address (HD 17),Mobilize,https://www.mobilize.us/coloradodemocraticparty/event/1045785/,1045785,6513600
2B,John Jerrald,2026-10-11,Sun,12:00 PM – 3:00 PM,Weekend Canvassing for Killin: COS,Canvass,In person,Public,,"Colorado Springs, CO 80904 (address private until signup)",Colorado Springs,80904,,Killin for Colorado,,,,Killin for Colorado,,,"Approximate, from ZIP 80904 (HD 18)",Mobilize,https://www.mobilize.us/coloradodemocraticparty/event/942482/,942482,6461884
2C,Yvonne Weissbarth,2026-10-11,Sun,12:00 PM – 3:00 PM,Weekend Canvassing for Killin: Monument,Canvass,In person,Public,,"Monument, CO 80132 (address private until signup)",Monument,80132,,Killin for Colorado,,,,Killin for Colorado,,,"Approximate, from ZIP 80132 (HD 20)",Mobilize,https://www.mobilize.us/coloradodemocraticparty/event/1052330/,1052330,6545281
2C,Yvonne Weissbarth,2026-10-11,Sun,12:00 PM – 3:00 PM,Weekend Canvassing for Killin: Widefield,Canvass,In person,Public,,"Fountain, CO 80817 (address private until signup)",Fountain,80817,,Killin for Colorado,,,,Killin for Colorado,,,"Approximate, from ZIP 80817 (HD 21)",Mobilize,https://www.mobilize.us/coloradodemocraticparty/event/1052339/,1052339,6545322
2B,John Jerrald,2026-10-11,Sun,1:00 PM – 5:00 PM,"SD 11 Coordinated Phonebank | HD 17, HD 15 (Virtual)",Phone bank,Virtual,Public,Phone Bank; Get out the Vote,Virtual,Colorado Springs,80916,,Colorado Democratic Party,,,,,,,"Title mentions HD 17, HD 15",Mobilize,https://www.mobilize.us/coloradodemocraticparty/event/1047299/,1047299,6521788
2A,Stephanie Bowman,2026-10-11,Sun,1:00 PM – 5:00 PM,SD 9 Coordinated Phonebank | HD 14 (Virtual),Phone bank,Virtual,Public,Phone Bank; Get out the Vote,Virtual,Colorado Springs,80910,,Colorado Democratic Party,,,,,,,Title mentions HD 14,Mobilize,https://www.mobilize.us/coloradodemocraticparty/event/1051190/,1051190,6541142
2A,Stephanie Bowman,2026-10-11,Sun,1:00 PM – 5:00 PM,SD 9 Coordinated Phonebank | HD 14 (Virtual),Phone bank,Virtual,Public,Phone Bank; Get out the Vote,Virtual,Colorado Springs,80910,,Colorado Democratic Party,,,,,,,Title mentions HD 14,Mobilize,https://www.mobilize.us/coloradodemocraticparty/event/1051191/,1051191,6541151
2B,John Jerrald,2026-10-11,Sun,2:00 PM – 4:00 PM,GOTV - Coordinated Campaign Canvas in El Paso County,Canvass,In person,Public,Drivers; Canvass; Get out the Vote,"Colorado Springs, CO 80909 (address private until signup)",Colorado Springs,80909,,Colorado Democratic Party,,,,,,,"Approximate, from ZIP 80909 (HD 16)",Mobilize,https://www.mobilize.us/coloradodemocraticparty/event/1039398/,1039398,6472338
2B,John Jerrald,2026-10-11,Sun,2:00 PM – 4:00 PM,Sen. Exum SD 11 & Rep. Dr. English HD 17 | Colorado Springs Canvass,Canvass,In person,Public,Canvass; Get out the Vote,"2054 Jetwing Dr. , Colorado Springs, CO, United States, 80916 · 2054 Jet Wing Dr · Colorado Springs, CO 80916",Colorado Springs,80916,,Colorado Democratic Party,,,,,,,Event address (HD 17),Mobilize,https://www.mobilize.us/coloradodemocraticparty/event/1045785/,1045785,6513606
1A,Emile Smith,2026-10-11,Sun,3:00 PM – 6:00 PM,Coordinated Canvass Supporting Public Education with Rep. Lieder and Candidate Danielle Varda,Canvass,In person,Public,,"Golden | Golden Heights Park · 16401 W 2nd Pl · Golden, CO 80401",Golden,80401,,Colorado Democratic Party,,,,,,,Event address (HD 27),Mobilize,https://www.mobilize.us/coloradodemocraticparty/event/1055363/,1055363,6575603
2B,John Jerrald,2026-10-11,Sun,3:00 PM – 6:00 PM,Weekend Canvassing for Killin: COS,Canvass,In person,Public,,"Colorado Springs, CO 80904 (address private until signup)",Colorado Springs,80904,,Killin for Colorado,,,,Killin for Colorado,,,"Approximate, from ZIP 80904 (HD 18)",Mobilize,https://www.mobilize.us/coloradodemocraticparty/event/942482/,942482,6461888
2C,Yvonne Weissbarth,2026-10-11,Sun,3:00 PM – 6:00 PM,Weekend Canvassing for Killin: Monument,Canvass,In person,Public,,"Monument, CO 80132 (address private until signup)",Monument,80132,,Killin for Colorado,,,,Killin for Colorado,,,"Approximate, from ZIP 80132 (HD 20)",Mobilize,https://www.mobilize.us/coloradodemocraticparty/event/1052330/,1052330,6545282
2C,Yvonne Weissbarth,2026-10-11,Sun,3:00 PM – 6:00 PM,Weekend Canvassing for Killin: Widefield,Canvass,In person,Public,,"Fountain, CO 80817 (address private until signup)",Fountain,80817,,Killin for Colorado,,,,Killin for Colorado,,,"Approximate, from ZIP 80817 (HD 21)",Mobilize,https://www.mobilize.us/coloradodemocraticparty/event/1052339/,1052339,6545323
D,,2026-10-11,Sun,4:00 PM – 6:00 PM,Colorado Coordinated Campaign Phone Bank (Region 1: Denver Metro),Phone bank,Virtual,Public,,Virtual,,,,Colorado Democratic Party,,,,,,,Virtual event,Mobilize,https://www.mobilize.us/coloradodemocraticparty/event/1055970/,1055970,6584441
2B,John Jerrald,2026-10-11,Sun,5:00 PM – 9:00 PM,"SD 11 Coordinated Phonebank | HD 17, HD 15 (Virtual)",Phone bank,Virtual,Public,Phone Bank; Get out the Vote,Virtual,Colorado Springs,80916,,Colorado Democratic Party,,,,,,,"Title mentions HD 17, HD 15",Mobilize,https://www.mobilize.us/coloradodemocraticparty/event/1047299/,1047299,6521824
2A,Stephanie Bowman,2026-10-11,Sun,5:00 PM – 9:00 PM,SD 9 Coordinated Phonebank | HD 14 (Virtual),Phone bank,Virtual,Public,Phone Bank; Get out the Vote,Virtual,Colorado Springs,80910,,Colorado Democratic Party,,,,,,,Title mentions HD 14,Mobilize,https://www.mobilize.us/coloradodemocraticparty/event/1051191/,1051191,6541153
D,,2026-10-11,Sun,5:00 PM – 7:00 PM,Sunday Phonebanking for Killin for Colorado,Phone bank,Virtual,Public,,Virtual,,,,Killin for Colorado,,,,Killin for Colorado,,,Virtual event,Mobilize,https://www.mobilize.us/coloradodemocraticparty/event/991794/,991794,6166082
2B,John Jerrald,2026-10-11,Sun,5:00 PM – 8:00 PM,Weekend Canvassing for Killin: COS,Canvass,In person,Public,,"Colorado Springs, CO 80904 (address private until signup)",Colorado Springs,80904,,Killin for Colorado,,,,Killin for Colorado,,,"Approximate, from ZIP 80904 (HD 18)",Mobilize,https://www.mobilize.us/coloradodemocraticparty/event/942482/,942482,6461892
2C,Yvonne Weissbarth,2026-10-11,Sun,5:00 PM – 8:00 PM,Weekend Canvassing for Killin: Monument,Canvass,In person,Public,,"Monument, CO 80132 (address private until signup)",Monument,80132,,Killin for Colorado,,,,Killin for Colorado,,,"Approximate, from ZIP 80132 (HD 20)",Mobilize,https://www.mobilize.us/coloradodemocraticparty/event/1052330/,1052330,6545283
2C,Yvonne Weissbarth,2026-10-11,Sun,5:00 PM – 8:00 PM,Weekend Canvassing for Killin: Widefield,Canvass,In person,Public,,"Fountain, CO 80817 (address private until signup)",Fountain,80817,,Killin for Colorado,,,,Killin for Colorado,,,"Approximate, from ZIP 80817 (HD 21)",Mobilize,https://www.mobilize.us/coloradodemocraticparty/event/1052339/,1052339,6545324
D,,2026-10-12,Mon,12:00 AM – 11:59 PM,Volunteer Interest Form,Community,Virtual,Public,,Virtual,,,https://forms.gle/eWVSJ1Jt2ENrUxoo6,Killin for Colorado,,,,Killin for Colorado,,,Virtual event,Mobilize,https://www.mobilize.us/coloradodemocraticparty/event/896962/,896962,5773005
D,,2026-10-12,Mon,10:00 AM – 3:00 PM,"Monday, Wednesday, and Friday Coordinated Phonebank EPCO",Phone bank,Virtual,Public,Phone Bank; Get out the Vote,Virtual,Colorado Springs,80909,,Colorado Democratic Party,,,,,,,Virtual event,Mobilize,https://www.mobilize.us/coloradodemocraticparty/event/1044055/,1044055,6510030
2B,John Jerrald,2026-10-12,Mon,10:00 AM – 1:00 PM,"SD 11 Coordinated Phonebank | HD 17, HD 15 (Virtual)",Phone bank,Virtual,Public,Phone Bank; Get out the Vote,Virtual,Colorado Springs,80916,,Colorado Democratic Party,,,,,,,"Title mentions HD 17, HD 15",Mobilize,https://www.mobilize.us/coloradodemocraticparty/event/1047299/,1047299,6521771
2A,Stephanie Bowman,2026-10-12,Mon,10:00 AM – 1:00 PM,SD 9 Coordinated Phonebank | HD 14 (Virtual),Phone bank,Virtual,Public,Phone Bank; Get out the Vote,Virtual,Colorado Springs,80910,,Colorado Democratic Party,,,,,,,Title mentions HD 14,Mobilize,https://www.mobilize.us/coloradodemocraticparty/event/1051191/,1051191,6541155
2B,John Jerrald,2026-10-12,Mon,11:00 AM – 5:00 PM,Yard Sign Pick-Up,Meeting,In person,Public,,"Colorado Springs, CO 80904 (address private until signup)",Colorado Springs,80904,,Killin for Colorado,,,,Killin for Colorado,,,"Approximate, from ZIP 80904 (HD 18)",Mobilize,https://www.mobilize.us/coloradodemocraticparty/event/1002185/,1002185,6518808
2B,John Jerrald,2026-10-12,Mon,12:00 PM – 3:00 PM,Weekday Canvassing for Killin,Canvass,In person,Public,,"Colorado Springs, CO 80904 (address private until signup)",Colorado Springs,80904,,Killin for Colorado,,,,Killin for Colorado,,,"Approximate, from ZIP 80904 (HD 18)",Mobilize,https://www.mobilize.us/coloradodemocraticparty/event/990802/,990802,6161782
2B,John Jerrald,2026-10-12,Mon,1:00 PM – 5:00 PM,"SD 11 Coordinated Phonebank | HD 17, HD 15 (Virtual)",Phone bank,Virtual,Public,Phone Bank; Get out the Vote,Virtual,Colorado Springs,80916,,Colorado Democratic Party,,,,,,,"Title mentions HD 17, HD 15",Mobilize,https://www.mobilize.us/coloradodemocraticparty/event/1047299/,1047299,6521789
2A,Stephanie Bowman,2026-10-12,Mon,1:00 PM – 5:00 PM,SD 9 Coordinated Phonebank | HD 14 (Virtual),Phone bank,Virtual,Public,Phone Bank; Get out the Vote,Virtual,Colorado Springs,80910,,Colorado Democratic Party,,,,,,,Title mentions HD 14,Mobilize,https://www.mobilize.us/coloradodemocraticparty/event/1051190/,1051190,6541148
2A,Stephanie Bowman,2026-10-12,Mon,1:00 PM – 5:00 PM,SD 9 Coordinated Phonebank | HD 14 (Virtual),Phone bank,Virtual,Public,Phone Bank; Get out the Vote,Virtual,Colorado Springs,80910,,Colorado Democratic Party,,,,,,,Title mentions HD 14,Mobilize,https://www.mobilize.us/coloradodemocraticparty/event/1051191/,1051191,6541157
2B,John Jerrald,2026-10-12,Mon,3:00 PM – 6:00 PM,Weekday Canvassing for Killin,Canvass,In person,Public,,"Colorado Springs, CO 80904 (address private until signup)",Colorado Springs,80904,,Killin for Colorado,,,,Killin for Colorado,,,"Approximate, from ZIP 80904 (HD 18)",Mobilize,https://www.mobilize.us/coloradodemocraticparty/event/990802/,990802,6161830
D,,2026-10-12,Mon,4:00 PM – 5:00 PM,Coordinated Campaign REACH Training & Power Hour,Phone bank,Virtual,Public,Training; Relational Organizing; Reach,Virtual,,,,Colorado Democratic Party,,,,,,,Virtual event,Mobilize,https://www.mobilize.us/coloradodemocraticparty/event/1048523/,1048523,6529204
D,,2026-10-12,Mon,5:00 PM – 8:00 PM,"Monday, Wednesday, and Friday Coordinated Phonebank EPCO",Phone bank,Virtual,Public,Phone Bank; Get out the Vote,Virtual,Colorado Springs,80909,,Colorado Democratic Party,,,,,,,Virtual event,Mobilize,https://www.mobilize.us/coloradodemocraticparty/event/1044055/,1044055,6503198
1B,Faraj Atwi,2026-10-12,Mon,5:00 PM – 7:00 PM,Qahwa Canvass Launch at Coffee Story,Canvass,In person,Public,Phone Bank; Canvass; Get out the Vote,"Coffee Story by Barakah Brews · 2222 S Havana St Unit A1 · Aurora, CO 80014",Aurora,80014,,Colorado Democratic Party,,,,,,,Event address (HD 41),Mobilize,https://www.mobilize.us/coloradodemocraticparty/event/1049116/,1049116,6531557
2B,John Jerrald,2026-10-12,Mon,5:00 PM – 9:00 PM,"SD 11 Coordinated Phonebank | HD 17, HD 15 (Virtual)",Phone bank,Virtual,Public,Phone Bank; Get out the Vote,Virtual,Colorado Springs,80916,,Colorado Democratic Party,,,,,,,"Title mentions HD 17, HD 15",Mobilize,https://www.mobilize.us/coloradodemocraticparty/event/1047299/,1047299,6521825
2A,Stephanie Bowman,2026-10-12,Mon,5:00 PM – 9:00 PM,SD 9 Coordinated Phonebank | HD 14 (Virtual),Phone bank,Virtual,Public,Phone Bank; Get out the Vote,Virtual,Colorado Springs,80910,,Colorado Democratic Party,,,,,,,Title mentions HD 14,Mobilize,https://www.mobilize.us/coloradodemocraticparty/event/1051191/,1051191,6541159
2B,John Jerrald,2026-10-12,Mon,5:00 PM – 8:00 PM,Weekday Canvassing for Killin,Canvass,In person,Public,,"Colorado Springs, CO 80904 (address private until signup)",Colorado Springs,80904,,Killin for Colorado,,,,Killin for Colorado,,,"Approximate, from ZIP 80904 (HD 18)",Mobilize,https://www.mobilize.us/coloradodemocraticparty/event/990802/,990802,6161878
4,,2026-10-12,Mon,5:30 PM – 7:30 PM,Relational Text Bank with Team Manny,Text bank,In person,Public,,"Thornton · Thornton, CO 80260",Thornton,80260,,Manny Rutinel for Congress,,,,Manny Rutinel for Congress,,,"Event address (HD 31), CD-8 Adams",Mobilize,https://www.mobilize.us/coloradodemocraticparty/event/1053495/,1053495,6561154
2B,John Jerrald,2026-10-12,Mon,6:00 PM – 7:00 PM,Team Killin Message Training,Training,In person,Public,,"720 W Monument St · Colorado Springs, CO 80904",Colorado Springs,80904,,Killin for Colorado,,,,Killin for Colorado,,,Event address (HD 18),Mobilize,https://www.mobilize.us/coloradodemocraticparty/event/1032921/,1032921,6433351
D,,2026-10-13,Tue,12:00 AM – 11:59 PM,Volunteer Interest Form,Community,Virtual,Public,,Virtual,,,https://forms.gle/eWVSJ1Jt2ENrUxoo6,Killin for Colorado,,,,Killin for Colorado,,,Virtual event,Mobilize,https://www.mobilize.us/coloradodemocraticparty/event/896962/,896962,5773006
3A,Keith Pierce,2026-10-13,Tue,11:00 AM – 1:00 PM,Mesa County Post Carding for Dwayne Romero and Mallory Martin,Visibility event,In person,Public,Postcard Writing; Dwayne Romero; Mesa County,"Mesa County Dems Office · 310 N 7th St, Unit 2 · Grand Junction, CO 81501",Grand Junction,81501,,Colorado Democratic Party,,,,,,,Event address (HD 55),Mobilize,https://www.mobilize.us/coloradodemocraticparty/event/1054933/,1054933,6572998
2B,John Jerrald,2026-10-13,Tue,11:00 AM – 5:00 PM,Yard Sign Pick-Up,Meeting,In person,Public,,"Colorado Springs, CO 80904 (address private until signup)",Colorado Springs,80904,,Killin for Colorado,,,,Killin for Colorado,,,"Approximate, from ZIP 80904 (HD 18)",Mobilize,https://www.mobilize.us/coloradodemocraticparty/event/1002185/,1002185,6518809
2B,John Jerrald,2026-10-13,Tue,1:00 PM – 5:00 PM,"SD 11 Coordinated Phonebank | HD 17, HD 15 (Virtual)",Phone bank,Virtual,Public,Phone Bank; Get out the Vote,Virtual,Colorado Springs,80916,,Colorado Democratic Party,,,,,,,"Title mentions HD 17, HD 15",Mobilize,https://www.mobilize.us/coloradodemocraticparty/event/1047299/,1047299,6521790
2A,Stephanie Bowman,2026-10-13,Tue,1:00 PM – 5:00 PM,SD 9 Coordinated Phonebank | HD 14 (Virtual),Phone bank,Virtual,Public,Phone Bank; Get out the Vote,Virtual,Colorado Springs,80910,,Colorado Democratic Party,,,,,,,Title mentions HD 14,Mobilize,https://www.mobilize.us/coloradodemocraticparty/event/1051190/,1051190,6541152
2A,Stephanie Bowman,2026-10-13,Tue,1:00 PM – 5:00 PM,SD 9 Coordinated Phonebank | HD 14 (Virtual),Phone bank,Virtual,Public,Phone Bank; Get out the Vote,Virtual,Colorado Springs,80910,,Colorado Democratic Party,,,,,,,Title mentions HD 14,Mobilize,https://www.mobilize.us/coloradodemocraticparty/event/1051191/,1051191,6541161
1B,Faraj Atwi,2026-10-13,Tue,4:00 PM – 7:00 PM,GOTV Canvass Launch with Eliza Hamrick (HD61) & Tom Sullivan (SD27),Canvass,In person,Public,Canvass; Get out the Vote,"Centennial, CO 80016 (address private until signup)",Centennial,80016,,Colorado Democratic Party,,,,,,,"Approximate, from ZIP 80016 (HD 61)",Mobilize,https://www.mobilize.us/coloradodemocraticparty/event/1049058/,1049058,6591833
1A,Emile Smith,2026-10-13,Tue,4:00 PM – 7:00 PM,"Make Calls, Win Colorado: CDP Phone Bank at Team Phil HQ",Phone bank,In person,Public,Denver; Coordinated Campaign; Phone Bank,"3840 York St · Denver, CO 80205",Denver,80205,,Colorado Democratic Party,,,,,,,Event address (HD 8),Mobilize,https://www.mobilize.us/coloradodemocraticparty/event/1050901/,1050901,6539964
2B,John Jerrald,2026-10-13,Tue,5:00 PM – 9:00 PM,"SD 11 Coordinated Phonebank | HD 17, HD 15 (Virtual)",Phone bank,Virtual,Public,Phone Bank; Get out the Vote,Virtual,Colorado Springs,80916,,Colorado Democratic Party,,,,,,,"Title mentions HD 17, HD 15",Mobilize,https://www.mobilize.us/coloradodemocraticparty/event/1047299/,1047299,6521826
2A,Stephanie Bowman,2026-10-13,Tue,5:00 PM – 9:00 PM,SD 9 Coordinated Phonebank | HD 14 (Virtual),Phone bank,Virtual,Public,Phone Bank; Get out the Vote,Virtual,Colorado Springs,80910,,Colorado Democratic Party,,,,,,,Title mentions HD 14,Mobilize,https://www.mobilize.us/coloradodemocraticparty/event/1051191/,1051191,6541163
D,,2026-10-13,Tue,5:30 PM – 7:30 PM,Campaña telefónica con el Equipo de Manny (en español),Phone bank,Virtual,Public,,Virtual,,,,Manny Rutinel for Congress,,,,Manny Rutinel for Congress,,,Virtual event,Mobilize,https://www.mobilize.us/coloradodemocraticparty/event/1051164/,1051164,6540991
4,,2026-10-13,Tue,5:30 PM – 7:30 PM,Canvass with Team Manny (Thornton),Canvass,In person,Public,,"Thornton, CO 80260 (address private until signup)",Thornton,80260,,Manny Rutinel for Congress,,,,Manny Rutinel for Congress,,,"Approximate, from ZIP 80260 (HD 31), CD-8 Adams",Mobilize,https://www.mobilize.us/coloradodemocraticparty/event/989322/,989322,6485432
D,,2026-10-13,Tue,5:30 PM – 8:00 PM,Colorado Coordinated Campaign Phone Bank (Distributed),Phone bank,Virtual,Public,,Virtual,,,,Colorado Democratic Party,,,,,,,Virtual event,Mobilize,https://www.mobilize.us/coloradodemocraticparty/event/1055961/,1055961,6578169
D,,2026-10-13,Tue,5:30 PM – 8:00 PM,Colorado Coordinated Campaign Phone Bank (Region 1: Denver Metro),Phone bank,Virtual,Public,,Virtual,,,,Colorado Democratic Party,,,,,,,Virtual event,Mobilize,https://www.mobilize.us/coloradodemocraticparty/event/1055970/,1055970,6578214
D,,2026-10-13,Tue,5:30 PM – 8:00 PM,Colorado Coordinated Campaign Phone Bank (Region 3: CD-3),Phone bank,Virtual,Public,,Virtual,,,,Colorado Democratic Party,,,,,,,Virtual event,Mobilize,https://www.mobilize.us/coloradodemocraticparty/event/1055979/,1055979,6578241
D,,2026-10-13,Tue,6:00 PM – 8:00 PM,Weekday Phonebanking for Killin for Colorado,Phone bank,Virtual,Public,,Virtual,,,,Killin for Colorado,,,,Killin for Colorado,,,Virtual event,Mobilize,https://www.mobilize.us/coloradodemocraticparty/event/991780/,991780,6165989
D,,2026-10-14,Wed,12:00 AM – 11:59 PM,Volunteer Interest Form,Community,Virtual,Public,,Virtual,,,https://forms.gle/eWVSJ1Jt2ENrUxoo6,Killin for Colorado,,,,Killin for Colorado,,,Virtual event,Mobilize,https://www.mobilize.us/coloradodemocraticparty/event/896962/,896962,5773007
D,,2026-10-14,Wed,10:00 AM – 3:00 PM,"Monday, Wednesday, and Friday Coordinated Phonebank EPCO",Phone bank,Virtual,Public,Phone Bank; Get out the Vote,Virtual,Colorado Springs,80909,,Colorado Democratic Party,,,,,,,Virtual event,Mobilize,https://www.mobilize.us/coloradodemocraticparty/event/1044055/,1044055,6510019
2B,John Jerrald,2026-10-14,Wed,11:00 AM – 5:00 PM,Yard Sign Pick-Up,Meeting,In person,Public,,"Colorado Springs, CO 80904 (address private until signup)",Colorado Springs,80904,,Killin for Colorado,,,,Killin for Colorado,,,"Approximate, from ZIP 80904 (HD 18)",Mobilize,https://www.mobilize.us/coloradodemocraticparty/event/1002185/,1002185,6518810
2B,John Jerrald,2026-10-14,Wed,12:00 PM – 3:00 PM,Weekday Canvassing for Killin,Canvass,In person,Public,,"Colorado Springs, CO 80904 (address private until signup)",Colorado Springs,80904,,Killin for Colorado,,,,Killin for Colorado,,,"Approximate, from ZIP 80904 (HD 18)",Mobilize,https://www.mobilize.us/coloradodemocraticparty/event/990802/,990802,6161794
2B,John Jerrald,2026-10-14,Wed,1:00 PM – 5:00 PM,"SD 11 Coordinated Phonebank | HD 17, HD 15 (Virtual)",Phone bank,Virtual,Public,Phone Bank; Get out the Vote,Virtual,Colorado Springs,80916,,Colorado Democratic Party,,,,,,,"Title mentions HD 17, HD 15",Mobilize,https://www.mobilize.us/coloradodemocraticparty/event/1047299/,1047299,6521791
2A,Stephanie Bowman,2026-10-14,Wed,1:00 PM – 5:00 PM,SD 9 Coordinated Phonebank | HD 14 (Virtual),Phone bank,Virtual,Public,Phone Bank; Get out the Vote,Virtual,Colorado Springs,80910,,Colorado Democratic Party,,,,,,,Title mentions HD 14,Mobilize,https://www.mobilize.us/coloradodemocraticparty/event/1051190/,1051190,6541156
2A,Stephanie Bowman,2026-10-14,Wed,1:00 PM – 5:00 PM,SD 9 Coordinated Phonebank | HD 14 (Virtual),Phone bank,Virtual,Public,Phone Bank; Get out the Vote,Virtual,Colorado Springs,80910,,Colorado Democratic Party,,,,,,,Title mentions HD 14,Mobilize,https://www.mobilize.us/coloradodemocraticparty/event/1051191/,1051191,6541165
2B,John Jerrald,2026-10-14,Wed,3:00 PM – 6:00 PM,Weekday Canvassing for Killin,Canvass,In person,Public,,"Colorado Springs, CO 80904 (address private until signup)",Colorado Springs,80904,,Killin for Colorado,,,,Killin for Colorado,,,"Approximate, from ZIP 80904 (HD 18)",Mobilize,https://www.mobilize.us/coloradodemocraticparty/event/990802/,990802,6161842
1B,Faraj Atwi,2026-10-14,Wed,4:00 PM – 6:00 PM,Coffee Canvass Launch at Lost Coffee,Canvass,In person,Public,Phone Bank; Canvass; Get out the Vote,"Lost Coffee · 50 Springer Dr · Highlands Ranch, CO 80129",Highlands Ranch,80129,,Colorado Democratic Party,,,,,,,Event address (HD 43),Mobilize,https://www.mobilize.us/coloradodemocraticparty/event/1050743/,1050743,6539156
D,,2026-10-14,Wed,5:00 PM – 8:00 PM,"Monday, Wednesday, and Friday Coordinated Phonebank EPCO",Phone bank,Virtual,Public,Phone Bank; Get out the Vote,Virtual,Colorado Springs,80909,,Colorado Democratic Party,,,,,,,Virtual event,Mobilize,https://www.mobilize.us/coloradodemocraticparty/event/1044055/,1044055,6503203
2B,John Jerrald,2026-10-14,Wed,5:00 PM – 9:00 PM,"SD 11 Coordinated Phonebank | HD 17, HD 15 (Virtual)",Phone bank,Virtual,Public,Phone Bank; Get out the Vote,Virtual,Colorado Springs,80916,,Colorado Democratic Party,,,,,,,"Title mentions HD 17, HD 15",Mobilize,https://www.mobilize.us/coloradodemocraticparty/event/1047299/,1047299,6521827
2A,Stephanie Bowman,2026-10-14,Wed,5:00 PM – 9:00 PM,SD 9 Coordinated Phonebank | HD 14 (Virtual),Phone bank,Virtual,Public,Phone Bank; Get out the Vote,Virtual,Colorado Springs,80910,,Colorado Democratic Party,,,,,,,Title mentions HD 14,Mobilize,https://www.mobilize.us/coloradodemocraticparty/event/1051191/,1051191,6541167
2B,John Jerrald,2026-10-14,Wed,5:00 PM – 8:00 PM,Weekday Canvassing for Killin,Canvass,In person,Public,,"Colorado Springs, CO 80904 (address private until signup)",Colorado Springs,80904,,Killin for Colorado,,,,Killin for Colorado,,,"Approximate, from ZIP 80904 (HD 18)",Mobilize,https://www.mobilize.us/coloradodemocraticparty/event/990802/,990802,6161890
D,,2026-10-14,Wed,5:00 PM – 7:00 PM,Weekday Phonebanking for Killin for Colorado,Phone bank,Virtual,Public,,Virtual,,,,Killin for Colorado,,,,Killin for Colorado,,,Virtual event,Mobilize,https://www.mobilize.us/coloradodemocraticparty/event/991780/,991780,6166003
3A,Keith Pierce,2026-10-14,Wed,5:30 PM – 7:00 PM,"Grand Junction Phone Banking for Brittni Packard, Mallory Martin, and Dwayne Romero",Phone bank,In person,Public,Mesa County; Dwayne Romero; Phone Bank,"Office of Mallory Martin and Brittni Packard for HD 54/55 · 715 Horizon Dr · Grand Junction, CO 81506",Grand Junction,81506,,Colorado Democratic Party,,,,,,,Event address (HD 55),Mobilize,https://www.mobilize.us/coloradodemocraticparty/event/1054949/,1054949,6573163
D,,2026-10-14,Wed,6:00 PM – 8:00 PM,Phone Bank with Team Manny,Phone bank,Virtual,Public,,Virtual,,,,Manny Rutinel for Congress,,,,Manny Rutinel for Congress,,,Virtual event,Mobilize,https://www.mobilize.us/coloradodemocraticparty/event/991415/,991415,6164177
D,,2026-10-15,Thu,12:00 AM – 11:59 PM,Volunteer Interest Form,Community,Virtual,Public,,Virtual,,,https://forms.gle/eWVSJ1Jt2ENrUxoo6,Killin for Colorado,,,,Killin for Colorado,,,Virtual event,Mobilize,https://www.mobilize.us/coloradodemocraticparty/event/896962/,896962,5773008
2B,John Jerrald,2026-10-15,Thu,11:00 AM – 5:00 PM,Yard Sign Pick-Up,Meeting,In person,Public,,"Colorado Springs, CO 80904 (address private until signup)",Colorado Springs,80904,,Killin for Colorado,,,,Killin for Colorado,,,"Approximate, from ZIP 80904 (HD 18)",Mobilize,https://www.mobilize.us/coloradodemocraticparty/event/1002185/,1002185,6518811
2B,John Jerrald,2026-10-15,Thu,12:00 PM – 3:00 PM,Weekday Canvassing for Killin,Canvass,In person,Public,,"Colorado Springs, CO 80904 (address private until signup)",Colorado Springs,80904,,Killin for Colorado,,,,Killin for Colorado,,,"Approximate, from ZIP 80904 (HD 18)",Mobilize,https://www.mobilize.us/coloradodemocraticparty/event/990802/,990802,6161806
2B,John Jerrald,2026-10-15,Thu,1:00 PM – 5:00 PM,"SD 11 Coordinated Phonebank | HD 17, HD 15 (Virtual)",Phone bank,Virtual,Public,Phone Bank; Get out the Vote,Virtual,Colorado Springs,80916,,Colorado Democratic Party,,,,,,,"Title mentions HD 17, HD 15",Mobilize,https://www.mobilize.us/coloradodemocraticparty/event/1047299/,1047299,6521792
2A,Stephanie Bowman,2026-10-15,Thu,1:00 PM – 5:00 PM,SD 9 Coordinated Phonebank | HD 14 (Virtual),Phone bank,Virtual,Public,Phone Bank; Get out the Vote,Virtual,Colorado Springs,80910,,Colorado Democratic Party,,,,,,,Title mentions HD 14,Mobilize,https://www.mobilize.us/coloradodemocraticparty/event/1051190/,1051190,6541160
2A,Stephanie Bowman,2026-10-15,Thu,1:00 PM – 5:00 PM,SD 9 Coordinated Phonebank | HD 14 (Virtual),Phone bank,Virtual,Public,Phone Bank; Get out the Vote,Virtual,Colorado Springs,80910,,Colorado Democratic Party,,,,,,,Title mentions HD 14,Mobilize,https://www.mobilize.us/coloradodemocraticparty/event/1051191/,1051191,6541169
2B,John Jerrald,2026-10-15,Thu,3:00 PM – 6:00 PM,Weekday Canvassing for Killin,Canvass,In person,Public,,"Colorado Springs, CO 80904 (address private until signup)",Colorado Springs,80904,,Killin for Colorado,,,,Killin for Colorado,,,"Approximate, from ZIP 80904 (HD 18)",Mobilize,https://www.mobilize.us/coloradodemocraticparty/event/990802/,990802,6161854
1B,Faraj Atwi,2026-10-15,Thu,4:00 PM – 7:00 PM,GOTV Canvass Launch with Eliza Hamrick (HD61) & Tom Sullivan (SD27),Canvass,In person,Public,Canvass; Get out the Vote,"Centennial, CO 80016 (address private until signup)",Centennial,80016,,Colorado Democratic Party,,,,,,,"Approximate, from ZIP 80016 (HD 61)",Mobilize,https://www.mobilize.us/coloradodemocraticparty/event/1049058/,1049058,6591830
1A,Emile Smith,2026-10-15,Thu,4:00 PM – 7:00 PM,"Make Calls, Win Colorado: CDP Phone Bank at Team Phil HQ",Phone bank,In person,Public,Denver; Coordinated Campaign; Phone Bank,"3840 York St · Denver, CO 80205",Denver,80205,,Colorado Democratic Party,,,,,,,Event address (HD 8),Mobilize,https://www.mobilize.us/coloradodemocraticparty/event/1050901/,1050901,6539969
2B,John Jerrald,2026-10-15,Thu,5:00 PM – 9:00 PM,"SD 11 Coordinated Phonebank | HD 17, HD 15 (Virtual)",Phone bank,Virtual,Public,Phone Bank; Get out the Vote,Virtual,Colorado Springs,80916,,Colorado Democratic Party,,,,,,,"Title mentions HD 17, HD 15",Mobilize,https://www.mobilize.us/coloradodemocraticparty/event/1047299/,1047299,6521828
2A,Stephanie Bowman,2026-10-15,Thu,5:00 PM – 9:00 PM,SD 9 Coordinated Phonebank | HD 14 (Virtual),Phone bank,Virtual,Public,Phone Bank; Get out the Vote,Virtual,Colorado Springs,80910,,Colorado Democratic Party,,,,,,,Title mentions HD 14,Mobilize,https://www.mobilize.us/coloradodemocraticparty/event/1051191/,1051191,6541171
2B,John Jerrald,2026-10-15,Thu,5:00 PM – 8:00 PM,Weekday Canvassing for Killin,Canvass,In person,Public,,"Colorado Springs, CO 80904 (address private until signup)",Colorado Springs,80904,,Killin for Colorado,,,,Killin for Colorado,,,"Approximate, from ZIP 80904 (HD 18)",Mobilize,https://www.mobilize.us/coloradodemocraticparty/event/990802/,990802,6161902
4,,2026-10-15,Thu,5:30 PM – 7:30 PM,Canvass with Team Manny (Thornton),Canvass,In person,Public,,"Thornton, CO 80260 (address private until signup)",Thornton,80260,,Manny Rutinel for Congress,,,,Manny Rutinel for Congress,,,"Approximate, from ZIP 80260 (HD 31), CD-8 Adams",Mobilize,https://www.mobilize.us/coloradodemocraticparty/event/989322/,989322,6405390
D,,2026-10-15,Thu,5:30 PM – 8:00 PM,Colorado Coordinated Campaign Phone Bank (Distributed),Phone bank,Virtual,Public,,Virtual,,,,Colorado Democratic Party,,,,,,,Virtual event,Mobilize,https://www.mobilize.us/coloradodemocraticparty/event/1055961/,1055961,6578170
D,,2026-10-15,Thu,5:30 PM – 8:00 PM,Colorado Coordinated Campaign Phone Bank (Region 1: Denver Metro),Phone bank,Virtual,Public,,Virtual,,,,Colorado Democratic Party,,,,,,,Virtual event,Mobilize,https://www.mobilize.us/coloradodemocraticparty/event/1055970/,1055970,6578215
D,,2026-10-15,Thu,5:30 PM – 8:00 PM,Colorado Coordinated Campaign Phone Bank (Region 3: CD-3),Phone bank,Virtual,Public,,Virtual,,,,Colorado Democratic Party,,,,,,,Virtual event,Mobilize,https://www.mobilize.us/coloradodemocraticparty/event/1055979/,1055979,6578242
D,,2026-10-16,Fri,12:00 AM – 11:59 PM,Volunteer Interest Form,Community,Virtual,Public,,Virtual,,,https://forms.gle/eWVSJ1Jt2ENrUxoo6,Killin for Colorado,,,,Killin for Colorado,,,Virtual event,Mobilize,https://www.mobilize.us/coloradodemocraticparty/event/896962/,896962,5773009
D,,2026-10-16,Fri,10:00 AM – 3:00 PM,"Monday, Wednesday, and Friday Coordinated Phonebank EPCO",Phone bank,Virtual,Public,Phone Bank; Get out the Vote,Virtual,Colorado Springs,80909,,Colorado Democratic Party,,,,,,,Virtual event,Mobilize,https://www.mobilize.us/coloradodemocraticparty/event/1044055/,1044055,6510025
2B,John Jerrald,2026-10-16,Fri,11:00 AM – 5:00 PM,Yard Sign Pick-Up,Meeting,In person,Public,,"Colorado Springs, CO 80904 (address private until signup)",Colorado Springs,80904,,Killin for Colorado,,,,Killin for Colorado,,,"Approximate, from ZIP 80904 (HD 18)",Mobilize,https://www.mobilize.us/coloradodemocraticparty/event/1002185/,1002185,6518812
2B,John Jerrald,2026-10-16,Fri,12:00 PM – 3:00 PM,Weekday Canvassing for Killin,Canvass,In person,Public,,"Colorado Springs, CO 80904 (address private until signup)",Colorado Springs,80904,,Killin for Colorado,,,,Killin for Colorado,,,"Approximate, from ZIP 80904 (HD 18)",Mobilize,https://www.mobilize.us/coloradodemocraticparty/event/990802/,990802,6161818
1A,Emile Smith,2026-10-16,Fri,1:00 PM – 3:00 PM,Community Conversation | Coffee with the CDP | Canvass Launch,Canvass,In person,Public,,"Tonantzin Cafe · 910 Santa Fe Dr · Denver, CO 80204",Denver,80204,,Colorado Democratic Party,,,,,,,Event address (HD 5),Mobilize,https://www.mobilize.us/coloradodemocraticparty/event/1054291/,1054291,6567517
2B,John Jerrald,2026-10-16,Fri,1:00 PM – 5:00 PM,"SD 11 Coordinated Phonebank | HD 17, HD 15 (Virtual)",Phone bank,Virtual,Public,Phone Bank; Get out the Vote,Virtual,Colorado Springs,80916,,Colorado Democratic Party,,,,,,,"Title mentions HD 17, HD 15",Mobilize,https://www.mobilize.us/coloradodemocraticparty/event/1047299/,1047299,6521793
2A,Stephanie Bowman,2026-10-16,Fri,1:00 PM – 5:00 PM,SD 9 Coordinated Phonebank | HD 14 (Virtual),Phone bank,Virtual,Public,Phone Bank; Get out the Vote,Virtual,Colorado Springs,80910,,Colorado Democratic Party,,,,,,,Title mentions HD 14,Mobilize,https://www.mobilize.us/coloradodemocraticparty/event/1051190/,1051190,6541164
2A,Stephanie Bowman,2026-10-16,Fri,1:00 PM – 5:00 PM,SD 9 Coordinated Phonebank | HD 14 (Virtual),Phone bank,Virtual,Public,Phone Bank; Get out the Vote,Virtual,Colorado Springs,80910,,Colorado Democratic Party,,,,,,,Title mentions HD 14,Mobilize,https://www.mobilize.us/coloradodemocraticparty/event/1051191/,1051191,6541173
2B,John Jerrald,2026-10-16,Fri,3:00 PM – 6:00 PM,Weekday Canvassing for Killin,Canvass,In person,Public,,"Colorado Springs, CO 80904 (address private until signup)",Colorado Springs,80904,,Killin for Colorado,,,,Killin for Colorado,,,"Approximate, from ZIP 80904 (HD 18)",Mobilize,https://www.mobilize.us/coloradodemocraticparty/event/990802/,990802,6161866
D,,2026-10-16,Fri,5:00 PM – 8:00 PM,"Monday, Wednesday, and Friday Coordinated Phonebank EPCO",Phone bank,Virtual,Public,Phone Bank; Get out the Vote,Virtual,Colorado Springs,80909,,Colorado Democratic Party,,,,,,,Virtual event,Mobilize,https://www.mobilize.us/coloradodemocraticparty/event/1044055/,1044055,6503208
2B,John Jerrald,2026-10-16,Fri,5:00 PM – 9:00 PM,"SD 11 Coordinated Phonebank | HD 17, HD 15 (Virtual)",Phone bank,Virtual,Public,Phone Bank; Get out the Vote,Virtual,Colorado Springs,80916,,Colorado Democratic Party,,,,,,,"Title mentions HD 17, HD 15",Mobilize,https://www.mobilize.us/coloradodemocraticparty/event/1047299/,1047299,6521829
2A,Stephanie Bowman,2026-10-16,Fri,5:00 PM – 9:00 PM,SD 9 Coordinated Phonebank | HD 14 (Virtual),Phone bank,Virtual,Public,Phone Bank; Get out the Vote,Virtual,Colorado Springs,80910,,Colorado Democratic Party,,,,,,,Title mentions HD 14,Mobilize,https://www.mobilize.us/coloradodemocraticparty/event/1051191/,1051191,6541175
2B,John Jerrald,2026-10-16,Fri,5:00 PM – 8:00 PM,Weekday Canvassing for Killin,Canvass,In person,Public,,"Colorado Springs, CO 80904 (address private until signup)",Colorado Springs,80904,,Killin for Colorado,,,,Killin for Colorado,,,"Approximate, from ZIP 80904 (HD 18)",Mobilize,https://www.mobilize.us/coloradodemocraticparty/event/990802/,990802,6161914
D,,2026-10-17,Sat,12:00 AM – 11:59 PM,Volunteer Interest Form,Community,Virtual,Public,,Virtual,,,https://forms.gle/eWVSJ1Jt2ENrUxoo6,Killin for Colorado,,,,Killin for Colorado,,,Virtual event,Mobilize,https://www.mobilize.us/coloradodemocraticparty/event/896962/,896962,5773010
1A,Emile Smith,2026-10-17,Sat,9:00 AM – 3:00 PM,Get Out The Vote (GOTV) With Tammy Story - HD 25,Canvass,In person,Public,,"Chaucer Park · 10558 W Vista View Dr · Littleton, CO 80127",Littleton,80127,,Colorado Democratic Party,,,,,,,Event address (HD 25),Mobilize,https://www.mobilize.us/coloradodemocraticparty/event/1024392/,1024392,6370534
3B,Garrett Kelley,2026-10-17,Sat,9:00 AM – 11:00 AM,Pueblo Democrats Weekly Saturday Morning Canvass,Canvass,In person,Public,,"Pueblo Democrats HQ · 602 W 9th St · Pueblo, CO 81003",Pueblo,81003,,Colorado Democratic Party,,,,,,,Event address (HD 46),Mobilize,https://www.mobilize.us/coloradodemocraticparty/event/1034164/,1034164,6440089
2B,John Jerrald,2026-10-17,Sat,9:00 AM – 12:00 PM,Weekend Canvassing for Killin: COS,Canvass,In person,Public,,"Colorado Springs, CO 80904 (address private until signup)",Colorado Springs,80904,,Killin for Colorado,,,,Killin for Colorado,,,"Approximate, from ZIP 80904 (HD 18)",Mobilize,https://www.mobilize.us/coloradodemocraticparty/event/942482/,942482,6461865
2C,Yvonne Weissbarth,2026-10-17,Sat,9:00 AM – 12:00 PM,Weekend Canvassing for Killin: Falcon,Canvass,In person,Public,,"Peyton, CO 80831 (address private until signup)",Peyton,80831,,Killin for Colorado,,,,Killin for Colorado,,,"Approximate, from ZIP 80831 (HD 56)",Mobilize,https://www.mobilize.us/coloradodemocraticparty/event/1052343/,1052343,6545355
2C,Yvonne Weissbarth,2026-10-17,Sat,9:00 AM – 12:00 PM,Weekend Canvassing for Killin: Monument,Canvass,In person,Public,,"Monument, CO 80132 (address private until signup)",Monument,80132,,Killin for Colorado,,,,Killin for Colorado,,,"Approximate, from ZIP 80132 (HD 20)",Mobilize,https://www.mobilize.us/coloradodemocraticparty/event/1052330/,1052330,6545284
2C,Yvonne Weissbarth,2026-10-17,Sat,9:00 AM – 12:00 PM,Weekend Canvassing for Killin: Widefield,Canvass,In person,Public,,"Fountain, CO 80817 (address private until signup)",Fountain,80817,,Killin for Colorado,,,,Killin for Colorado,,,"Approximate, from ZIP 80817 (HD 21)",Mobilize,https://www.mobilize.us/coloradodemocraticparty/event/1052339/,1052339,6545325
3A,Keith Pierce,2026-10-17,Sat,9:30 AM – 1:00 PM,Mesa County Weekly Canvass for Coordinated Slate,Canvass,In person,Public,Coordinated Campaign; Mesa County; Canvass,"Mesa Dems Office · 310 N 7th St, Unit 2 · Grand Junction, CO 81501",Grand Junction,81501,,Colorado Democratic Party,,,,,,,Event address (HD 55),Mobilize,https://www.mobilize.us/coloradodemocraticparty/event/1054964/,1054964,6573431
2B,John Jerrald,2026-10-17,Sat,10:00 AM – 12:00 PM,GOTV - Coordinated Campaign Canvas in El Paso County,Canvass,In person,Public,Drivers; Canvass; Get out the Vote,"Colorado Springs, CO 80909 (address private until signup)",Colorado Springs,80909,,Colorado Democratic Party,,,,,,,"Approximate, from ZIP 80909 (HD 16)",Mobilize,https://www.mobilize.us/coloradodemocraticparty/event/1039398/,1039398,6472283
1B,Faraj Atwi,2026-10-17,Sat,10:00 AM – 12:00 PM,GOTV Canvass Launch with Eliza Hamrick (HD61) & Tom Sullivan (SD27),Canvass,In person,Public,Canvass; Get out the Vote,"Centennial, CO 80016 (address private until signup)",Centennial,80016,,Colorado Democratic Party,,,,,,,"Approximate, from ZIP 80016 (HD 61)",Mobilize,https://www.mobilize.us/coloradodemocraticparty/event/1049058/,1049058,6531318
D,,2026-10-17,Sat,10:00 AM – 1:00 PM,Loveland Canvass Launch with Janice Marchman- Sat Oct 17,Canvass,Virtual,Public,,Virtual,Loveland,80538,,Colorado Democratic Party,,,,,,,Virtual event,Mobilize,https://www.mobilize.us/coloradodemocraticparty/event/1056817/,1056817,6581926
2B,John Jerrald,2026-10-17,Sat,10:00 AM – 12:00 PM,Sen. Exum SD 11 & Rep. Dr. English HD 17 | Colorado Springs Canvass,Canvass,In person,Public,Canvass; Get out the Vote,"2054 Jetwing Dr. , Colorado Springs, CO, United States, 80916 · 2054 Jet Wing Dr · Colorado Springs, CO 80916",Colorado Springs,80916,,Colorado Democratic Party,,,,,,,Event address (HD 17),Mobilize,https://www.mobilize.us/coloradodemocraticparty/event/1045785/,1045785,6513585
4,,2026-10-17,Sat,11:00 AM – 2:00 PM,Knock Doors with Team Manny Greeley with Tommy Butler for HD 50!,Canvass,In person,Public,,"Greeley, CO 80631 (address private until signup)",Greeley,80631,,Colorado Democratic Party,,,,,,,"Approximate, from ZIP 80631 (HD 50), CD-8 Weld",Mobilize,https://www.mobilize.us/coloradodemocraticparty/event/1039390/,1039390,6472244
3B,Garrett Kelley,2026-10-17,Sat,11:00 AM – 1:00 PM,Pueblo Democrats Weekly Saturday Morning Canvass,Canvass,In person,Public,,"Pueblo Democrats HQ · 602 W 9th St · Pueblo, CO 81003",Pueblo,81003,,Colorado Democratic Party,,,,,,,Event address (HD 46),Mobilize,https://www.mobilize.us/coloradodemocraticparty/event/1034164/,1034164,6440110
2B,John Jerrald,2026-10-17,Sat,11:00 AM – 5:00 PM,Yard Sign Pick-Up,Meeting,In person,Public,,"Colorado Springs, CO 80904 (address private until signup)",Colorado Springs,80904,,Killin for Colorado,,,,Killin for Colorado,,,"Approximate, from ZIP 80904 (HD 18)",Mobilize,https://www.mobilize.us/coloradodemocraticparty/event/1002185/,1002185,6518813
4,,2026-10-17,Sat,11:30 AM – 1:00 PM,Canvass with Team Manny (Thornton),Canvass,In person,Public,,"Thornton, CO 80260 (address private until signup)",Thornton,80260,,Manny Rutinel for Congress,,,,Manny Rutinel for Congress,,,"Approximate, from ZIP 80260 (HD 31), CD-8 Adams",Mobilize,https://www.mobilize.us/coloradodemocraticparty/event/989322/,989322,6154725
2B,John Jerrald,2026-10-17,Sat,12:00 PM – 2:00 PM,GOTV - Coordinated Campaign Canvas in El Paso County,Canvass,In person,Public,Drivers; Canvass; Get out the Vote,"Colorado Springs, CO 80909 (address private until signup)",Colorado Springs,80909,,Colorado Democratic Party,,,,,,,"Approximate, from ZIP 80909 (HD 16)",Mobilize,https://www.mobilize.us/coloradodemocraticparty/event/1039398/,1039398,6472289
2B,John Jerrald,2026-10-17,Sat,12:00 PM – 2:00 PM,Sen. Exum SD 11 & Rep. Dr. English HD 17 | Colorado Springs Canvass,Canvass,In person,Public,Canvass; Get out the Vote,"2054 Jetwing Dr. , Colorado Springs, CO, United States, 80916 · 2054 Jet Wing Dr · Colorado Springs, CO 80916",Colorado Springs,80916,,Colorado Democratic Party,,,,,,,Event address (HD 17),Mobilize,https://www.mobilize.us/coloradodemocraticparty/event/1045785/,1045785,6513590
2B,John Jerrald,2026-10-17,Sat,12:00 PM – 3:00 PM,Weekend Canvassing for Killin: COS,Canvass,In person,Public,,"Colorado Springs, CO 80904 (address private until signup)",Colorado Springs,80904,,Killin for Colorado,,,,Killin for Colorado,,,"Approximate, from ZIP 80904 (HD 18)",Mobilize,https://www.mobilize.us/coloradodemocraticparty/event/942482/,942482,6461869
2C,Yvonne Weissbarth,2026-10-17,Sat,12:00 PM – 3:00 PM,Weekend Canvassing for Killin: Falcon,Canvass,In person,Public,,"Peyton, CO 80831 (address private until signup)",Peyton,80831,,Killin for Colorado,,,,Killin for Colorado,,,"Approximate, from ZIP 80831 (HD 56)",Mobilize,https://www.mobilize.us/coloradodemocraticparty/event/1052343/,1052343,6545356
2C,Yvonne Weissbarth,2026-10-17,Sat,12:00 PM – 3:00 PM,Weekend Canvassing for Killin: Monument,Canvass,In person,Public,,"Monument, CO 80132 (address private until signup)",Monument,80132,,Killin for Colorado,,,,Killin for Colorado,,,"Approximate, from ZIP 80132 (HD 20)",Mobilize,https://www.mobilize.us/coloradodemocraticparty/event/1052330/,1052330,6545285
2C,Yvonne Weissbarth,2026-10-17,Sat,12:00 PM – 3:00 PM,Weekend Canvassing for Killin: Widefield,Canvass,In person,Public,,"Fountain, CO 80817 (address private until signup)",Fountain,80817,,Killin for Colorado,,,,Killin for Colorado,,,"Approximate, from ZIP 80817 (HD 21)",Mobilize,https://www.mobilize.us/coloradodemocraticparty/event/1052339/,1052339,6545326
4,,2026-10-17,Sat,1:00 PM – 4:00 PM,Knock Doors with Team Manny Greeley with Tommy Butler for HD 50!,Canvass,In person,Public,,"Greeley, CO 80631 (address private until signup)",Greeley,80631,,Colorado Democratic Party,,,,,,,"Approximate, from ZIP 80631 (HD 50), CD-8 Weld",Mobilize,https://www.mobilize.us/coloradodemocraticparty/event/1039390/,1039390,6472250
2B,John Jerrald,2026-10-17,Sat,1:00 PM – 5:00 PM,"SD 11 Coordinated Phonebank | HD 17, HD 15 (Virtual)",Phone bank,Virtual,Public,Phone Bank; Get out the Vote,Virtual,Colorado Springs,80916,,Colorado Democratic Party,,,,,,,"Title mentions HD 17, HD 15",Mobilize,https://www.mobilize.us/coloradodemocraticparty/event/1047299/,1047299,6521794
2A,Stephanie Bowman,2026-10-17,Sat,1:00 PM – 5:00 PM,SD 9 Coordinated Phonebank | HD 14 (Virtual),Phone bank,Virtual,Public,Phone Bank; Get out the Vote,Virtual,Colorado Springs,80910,,Colorado Democratic Party,,,,,,,Title mentions HD 14,Mobilize,https://www.mobilize.us/coloradodemocraticparty/event/1051191/,1051191,6541178
4,,2026-10-17,Sat,1:30 PM – 4:30 PM,Knock Doors with Manny and Senator Bennet,Canvass,In person,Public,,"Greeley · Greeley, CO 80634",Greeley,80634,,Manny Rutinel for Congress,,,,Manny Rutinel for Congress,,,"Event address (HD 64), CD-8 Weld",Mobilize,https://www.mobilize.us/coloradodemocraticparty/event/1056257/,1056257,6579527
2B,John Jerrald,2026-10-17,Sat,2:00 PM – 4:00 PM,GOTV - Coordinated Campaign Canvas in El Paso County,Canvass,In person,Public,Drivers; Canvass; Get out the Vote,"Colorado Springs, CO 80909 (address private until signup)",Colorado Springs,80909,,Colorado Democratic Party,,,,,,,"Approximate, from ZIP 80909 (HD 16)",Mobilize,https://www.mobilize.us/coloradodemocraticparty/event/1039398/,1039398,6472295
2B,John Jerrald,2026-10-17,Sat,2:00 PM – 4:00 PM,Sen. Exum SD 11 & Rep. Dr. English HD 17 | Colorado Springs Canvass,Canvass,In person,Public,Canvass; Get out the Vote,"2054 Jetwing Dr. , Colorado Springs, CO, United States, 80916 · 2054 Jet Wing Dr · Colorado Springs, CO 80916",Colorado Springs,80916,,Colorado Democratic Party,,,,,,,Event address (HD 17),Mobilize,https://www.mobilize.us/coloradodemocraticparty/event/1045785/,1045785,6513595
1B,Faraj Atwi,2026-10-17,Sat,3:00 PM – 5:00 PM,Join Denver Young Dems and Colorado Coordinated Campaign To Canvass for Kevin Leung HD30,Canvass,In person,Public,,"Douglas County TBD · Douglas County, CO 80134",Douglas County,80134,,Colorado Democratic Party,,,,,,,Event address (HD 44),Mobilize,https://www.mobilize.us/coloradodemocraticparty/event/1055384/,1055384,6575657
D,,2026-10-17,Sat,3:00 PM – 5:00 PM,Phone Bank with Team Manny,Phone bank,Virtual,Public,,Virtual,,,,Manny Rutinel for Congress,,,,Manny Rutinel for Congress,,,Virtual event,Mobilize,https://www.mobilize.us/coloradodemocraticparty/event/991415/,991415,6534361
D,,2026-10-17,Sat,3:00 PM – 5:30 PM,Phonebank for Dwayne!,Phone bank,Virtual,Public,Phonebank; Phone Bank; Phonebanking,Virtual,,,,Romero For Colorado,,,,Romero For Colorado,,,Virtual event,Mobilize,https://www.mobilize.us/coloradodemocraticparty/event/1033023/,1033023,6443203
2B,John Jerrald,2026-10-17,Sat,3:00 PM – 6:00 PM,Weekend Canvassing for Killin: COS,Canvass,In person,Public,,"Colorado Springs, CO 80904 (address private until signup)",Colorado Springs,80904,,Killin for Colorado,,,,Killin for Colorado,,,"Approximate, from ZIP 80904 (HD 18)",Mobilize,https://www.mobilize.us/coloradodemocraticparty/event/942482/,942482,6461873
2C,Yvonne Weissbarth,2026-10-17,Sat,3:00 PM – 6:00 PM,Weekend Canvassing for Killin: Falcon,Canvass,In person,Public,,"Peyton, CO 80831 (address private until signup)",Peyton,80831,,Killin for Colorado,,,,Killin for Colorado,,,"Approximate, from ZIP 80831 (HD 56)",Mobilize,https://www.mobilize.us/coloradodemocraticparty/event/1052343/,1052343,6545357
2C,Yvonne Weissbarth,2026-10-17,Sat,3:00 PM – 6:00 PM,Weekend Canvassing for Killin: Monument,Canvass,In person,Public,,"Monument, CO 80132 (address private until signup)",Monument,80132,,Killin for Colorado,,,,Killin for Colorado,,,"Approximate, from ZIP 80132 (HD 20)",Mobilize,https://www.mobilize.us/coloradodemocraticparty/event/1052330/,1052330,6545286
2C,Yvonne Weissbarth,2026-10-17,Sat,3:00 PM – 6:00 PM,Weekend Canvassing for Killin: Widefield,Canvass,In person,Public,,"Fountain, CO 80817 (address private until signup)",Fountain,80817,,Killin for Colorado,,,,Killin for Colorado,,,"Approximate, from ZIP 80817 (HD 21)",Mobilize,https://www.mobilize.us/coloradodemocraticparty/event/1052339/,1052339,6545327
2B,John Jerrald,2026-10-17,Sat,5:00 PM – 9:00 PM,"SD 11 Coordinated Phonebank | HD 17, HD 15 (Virtual)",Phone bank,Virtual,Public,Phone Bank; Get out the Vote,Virtual,Colorado Springs,80916,,Colorado Democratic Party,,,,,,,"Title mentions HD 17, HD 15",Mobilize,https://www.mobilize.us/coloradodemocraticparty/event/1047299/,1047299,6521830
2A,Stephanie Bowman,2026-10-17,Sat,5:00 PM – 9:00 PM,SD 9 Coordinated Phonebank | HD 14 (Virtual),Phone bank,Virtual,Public,Phone Bank; Get out the Vote,Virtual,Colorado Springs,80910,,Colorado Democratic Party,,,,,,,Title mentions HD 14,Mobilize,https://www.mobilize.us/coloradodemocraticparty/event/1051191/,1051191,6541180
2B,John Jerrald,2026-10-17,Sat,5:00 PM – 8:00 PM,Weekend Canvassing for Killin: COS,Canvass,In person,Public,,"Colorado Springs, CO 80904 (address private until signup)",Colorado Springs,80904,,Killin for Colorado,,,,Killin for Colorado,,,"Approximate, from ZIP 80904 (HD 18)",Mobilize,https://www.mobilize.us/coloradodemocraticparty/event/942482/,942482,6461877
2C,Yvonne Weissbarth,2026-10-17,Sat,5:00 PM – 8:00 PM,Weekend Canvassing for Killin: Falcon,Canvass,In person,Public,,"Peyton, CO 80831 (address private until signup)",Peyton,80831,,Killin for Colorado,,,,Killin for Colorado,,,"Approximate, from ZIP 80831 (HD 56)",Mobilize,https://www.mobilize.us/coloradodemocraticparty/event/1052343/,1052343,6545358
2C,Yvonne Weissbarth,2026-10-17,Sat,5:00 PM – 8:00 PM,Weekend Canvassing for Killin: Monument,Canvass,In person,Public,,"Monument, CO 80132 (address private until signup)",Monument,80132,,Killin for Colorado,,,,Killin for Colorado,,,"Approximate, from ZIP 80132 (HD 20)",Mobilize,https://www.mobilize.us/coloradodemocraticparty/event/1052330/,1052330,6545287
2C,Yvonne Weissbarth,2026-10-17,Sat,5:00 PM – 8:00 PM,Weekend Canvassing for Killin: Widefield,Canvass,In person,Public,,"Fountain, CO 80817 (address private until signup)",Fountain,80817,,Killin for Colorado,,,,Killin for Colorado,,,"Approximate, from ZIP 80817 (HD 21)",Mobilize,https://www.mobilize.us/coloradodemocraticparty/event/1052339/,1052339,6545328
D,,2026-10-18,Sun,12:00 AM – 11:59 PM,Volunteer Interest Form,Community,Virtual,Public,,Virtual,,,https://forms.gle/eWVSJ1Jt2ENrUxoo6,Killin for Colorado,,,,Killin for Colorado,,,Virtual event,Mobilize,https://www.mobilize.us/coloradodemocraticparty/event/896962/,896962,5773011
1B,Faraj Atwi,2026-10-18,Sun,9:00 AM – 3:00 PM,Get Out The Vote (GOTV) With Bob Marshall HD - 43,Canvass,In person,Public,,"Douglas County Libraries: Highlands Ranch · 9292 Ridgeline Blvd · Highlands Ranch, CO 80129",Highlands Ranch,80129,,Colorado Democratic Party,,,,,,,Event address (HD 43),Mobilize,https://www.mobilize.us/coloradodemocraticparty/event/1024402/,1024402,6370575
2B,John Jerrald,2026-10-18,Sun,9:00 AM – 12:00 PM,Weekend Canvassing for Killin: COS,Canvass,In person,Public,,"Colorado Springs, CO 80904 (address private until signup)",Colorado Springs,80904,,Killin for Colorado,,,,Killin for Colorado,,,"Approximate, from ZIP 80904 (HD 18)",Mobilize,https://www.mobilize.us/coloradodemocraticparty/event/942482/,942482,6461881
2C,Yvonne Weissbarth,2026-10-18,Sun,9:00 AM – 12:00 PM,Weekend Canvassing for Killin: Falcon,Canvass,In person,Public,,"Peyton, CO 80831 (address private until signup)",Peyton,80831,,Killin for Colorado,,,,Killin for Colorado,,,"Approximate, from ZIP 80831 (HD 56)",Mobilize,https://www.mobilize.us/coloradodemocraticparty/event/1052343/,1052343,6545359
2C,Yvonne Weissbarth,2026-10-18,Sun,9:00 AM – 12:00 PM,Weekend Canvassing for Killin: Monument,Canvass,In person,Public,,"Monument, CO 80132 (address private until signup)",Monument,80132,,Killin for Colorado,,,,Killin for Colorado,,,"Approximate, from ZIP 80132 (HD 20)",Mobilize,https://www.mobilize.us/coloradodemocraticparty/event/1052330/,1052330,6545288
2C,Yvonne Weissbarth,2026-10-18,Sun,9:00 AM – 12:00 PM,Weekend Canvassing for Killin: Widefield,Canvass,In person,Public,,"Fountain, CO 80817 (address private until signup)",Fountain,80817,,Killin for Colorado,,,,Killin for Colorado,,,"Approximate, from ZIP 80817 (HD 21)",Mobilize,https://www.mobilize.us/coloradodemocraticparty/event/1052339/,1052339,6545329
4,,2026-10-18,Sun,10:00 AM – 1:00 PM,Canvass with Team Manny (Thornton),Canvass,In person,Public,,"Thornton, CO 80260 (address private until signup)",Thornton,80260,,Manny Rutinel for Congress,,,,Manny Rutinel for Congress,,,"Approximate, from ZIP 80260 (HD 31), CD-8 Adams",Mobilize,https://www.mobilize.us/coloradodemocraticparty/event/989322/,989322,6154740
1B,Faraj Atwi,2026-10-18,Sun,10:00 AM – 12:00 PM,GOTV Canvass Launch with Eliza Hamrick (HD61) & Tom Sullivan (SD27),Canvass,In person,Public,Canvass; Get out the Vote,"Centennial, CO 80016 (address private until signup)",Centennial,80016,,Colorado Democratic Party,,,,,,,"Approximate, from ZIP 80016 (HD 61)",Mobilize,https://www.mobilize.us/coloradodemocraticparty/event/1049058/,1049058,6531319
1A,Emile Smith,2026-10-18,Sun,10:00 AM – 1:00 PM,Get Out The Vote | Coordinated Canvass Launch with Rep. Tammy Story in HD-25,Canvass,In person,Public,,"Chaucer Park · 10558 W Vista View Dr · Littleton, CO 80127",Littleton,80127,,Colorado Democratic Party,,,,,,,Event address (HD 25),Mobilize,https://www.mobilize.us/coloradodemocraticparty/event/1055356/,1055356,6575535
D,,2026-10-18,Sun,11:00 AM – 2:00 PM,Canvass Launch in Leadville with SD-4 Candidate Justin Kurth and HD-13 Candidate Consuelo Redhorse!,Canvass,In person,Public,Canvass; Rural; Justin Kurth,"Leadville · Leadville, CO 80461",Leadville,80461,,Colorado Democratic Party,,,,,,,"Event address (HD 13), outside regional turf",Mobilize,https://www.mobilize.us/coloradodemocraticparty/event/1049267/,1049267,6532277
1B,Faraj Atwi,2026-10-18,Sun,11:00 AM – 1:00 PM,GOTV Canvass Launch with HD36 Michael Carter,Canvass,In person,Public,Canvass; Get out the Vote,"Apache Mesa Park · 710 N Laredo St · Aurora, CO 80011",Aurora,80011,,Colorado Democratic Party,,,,,,,Event address (HD 36),Mobilize,https://www.mobilize.us/coloradodemocraticparty/event/1057367/,1057367,6586120
4,,2026-10-18,Sun,11:00 AM – 2:00 PM,Knock Doors with Team Manny Greeley with Tommy Butler for HD 50!,Canvass,In person,Public,,"Greeley, CO 80631 (address private until signup)",Greeley,80631,,Colorado Democratic Party,,,,,,,"Approximate, from ZIP 80631 (HD 50), CD-8 Weld",Mobilize,https://www.mobilize.us/coloradodemocraticparty/event/1039390/,1039390,6534819
2B,John Jerrald,2026-10-18,Sun,11:00 AM – 5:00 PM,Yard Sign Pick-Up,Meeting,In person,Public,,"Colorado Springs, CO 80904 (address private until signup)",Colorado Springs,80904,,Killin for Colorado,,,,Killin for Colorado,,,"Approximate, from ZIP 80904 (HD 18)",Mobilize,https://www.mobilize.us/coloradodemocraticparty/event/1002185/,1002185,6518814
2B,John Jerrald,2026-10-18,Sun,12:00 PM – 2:00 PM,GOTV - Coordinated Campaign Canvas in El Paso County,Canvass,In person,Public,Drivers; Canvass; Get out the Vote,"Colorado Springs, CO 80909 (address private until signup)",Colorado Springs,80909,,Colorado Democratic Party,,,,,,,"Approximate, from ZIP 80909 (HD 16)",Mobilize,https://www.mobilize.us/coloradodemocraticparty/event/1039398/,1039398,6472333
2B,John Jerrald,2026-10-18,Sun,12:00 PM – 2:00 PM,Sen. Exum SD 11 & Rep. Dr. English HD 17 | Colorado Springs Canvass,Canvass,In person,Public,Canvass; Get out the Vote,"2054 Jetwing Dr. , Colorado Springs, CO, United States, 80916 · 2054 Jet Wing Dr · Colorado Springs, CO 80916",Colorado Springs,80916,,Colorado Democratic Party,,,,,,,Event address (HD 17),Mobilize,https://www.mobilize.us/coloradodemocraticparty/event/1045785/,1045785,6513601
2B,John Jerrald,2026-10-18,Sun,12:00 PM – 3:00 PM,Weekend Canvassing for Killin: COS,Canvass,In person,Public,,"Colorado Springs, CO 80904 (address private until signup)",Colorado Springs,80904,,Killin for Colorado,,,,Killin for Colorado,,,"Approximate, from ZIP 80904 (HD 18)",Mobilize,https://www.mobilize.us/coloradodemocraticparty/event/942482/,942482,6461885
2C,Yvonne Weissbarth,2026-10-18,Sun,12:00 PM – 3:00 PM,Weekend Canvassing for Killin: Falcon,Canvass,In person,Public,,"Peyton, CO 80831 (address private until signup)",Peyton,80831,,Killin for Colorado,,,,Killin for Colorado,,,"Approximate, from ZIP 80831 (HD 56)",Mobilize,https://www.mobilize.us/coloradodemocraticparty/event/1052343/,1052343,6545360
2C,Yvonne Weissbarth,2026-10-18,Sun,12:00 PM – 3:00 PM,Weekend Canvassing for Killin: Monument,Canvass,In person,Public,,"Monument, CO 80132 (address private until signup)",Monument,80132,,Killin for Colorado,,,,Killin for Colorado,,,"Approximate, from ZIP 80132 (HD 20)",Mobilize,https://www.mobilize.us/coloradodemocraticparty/event/1052330/,1052330,6545289
2C,Yvonne Weissbarth,2026-10-18,Sun,12:00 PM – 3:00 PM,Weekend Canvassing for Killin: Widefield,Canvass,In person,Public,,"Fountain, CO 80817 (address private until signup)",Fountain,80817,,Killin for Colorado,,,,Killin for Colorado,,,"Approximate, from ZIP 80817 (HD 21)",Mobilize,https://www.mobilize.us/coloradodemocraticparty/event/1052339/,1052339,6545330
3A,Keith Pierce,2026-10-18,Sun,1:00 PM – 3:00 PM,Carbondale Canvass for the Democratic Slate,Canvass,In person,Public,Coordinated Campaign; Canvass; Garfield County,"Carbondale Branch Library · 320 Sopris Ave · Carbondale, CO 81623",Carbondale,81623,,Colorado Democratic Party,,,,,,,Event address (HD 57),Mobilize,https://www.mobilize.us/coloradodemocraticparty/event/1057014/,1057014,6582856
2B,John Jerrald,2026-10-18,Sun,1:00 PM – 5:00 PM,"SD 11 Coordinated Phonebank | HD 17, HD 15 (Virtual)",Phone bank,Virtual,Public,Phone Bank; Get out the Vote,Virtual,Colorado Springs,80916,,Colorado Democratic Party,,,,,,,"Title mentions HD 17, HD 15",Mobilize,https://www.mobilize.us/coloradodemocraticparty/event/1047299/,1047299,6521795
2A,Stephanie Bowman,2026-10-18,Sun,1:00 PM – 5:00 PM,SD 9 Coordinated Phonebank | HD 14 (Virtual),Phone bank,Virtual,Public,Phone Bank; Get out the Vote,Virtual,Colorado Springs,80910,,Colorado Democratic Party,,,,,,,Title mentions HD 14,Mobilize,https://www.mobilize.us/coloradodemocraticparty/event/1051190/,1051190,6541172
2A,Stephanie Bowman,2026-10-18,Sun,1:00 PM – 5:00 PM,SD 9 Coordinated Phonebank | HD 14 (Virtual),Phone bank,Virtual,Public,Phone Bank; Get out the Vote,Virtual,Colorado Springs,80910,,Colorado Democratic Party,,,,,,,Title mentions HD 14,Mobilize,https://www.mobilize.us/coloradodemocraticparty/event/1051191/,1051191,6541182
2B,John Jerrald,2026-10-18,Sun,2:00 PM – 4:00 PM,GOTV - Coordinated Campaign Canvas in El Paso County,Canvass,In person,Public,Drivers; Canvass; Get out the Vote,"Colorado Springs, CO 80909 (address private until signup)",Colorado Springs,80909,,Colorado Democratic Party,,,,,,,"Approximate, from ZIP 80909 (HD 16)",Mobilize,https://www.mobilize.us/coloradodemocraticparty/event/1039398/,1039398,6472339
2B,John Jerrald,2026-10-18,Sun,2:00 PM – 4:00 PM,Sen. Exum SD 11 & Rep. Dr. English HD 17 | Colorado Springs Canvass,Canvass,In person,Public,Canvass; Get out the Vote,"2054 Jetwing Dr. , Colorado Springs, CO, United States, 80916 · 2054 Jet Wing Dr · Colorado Springs, CO 80916",Colorado Springs,80916,,Colorado Democratic Party,,,,,,,Event address (HD 17),Mobilize,https://www.mobilize.us/coloradodemocraticparty/event/1045785/,1045785,6513607
2B,John Jerrald,2026-10-18,Sun,3:00 PM – 6:00 PM,Weekend Canvassing for Killin: COS,Canvass,In person,Public,,"Colorado Springs, CO 80904 (address private until signup)",Colorado Springs,80904,,Killin for Colorado,,,,Killin for Colorado,,,"Approximate, from ZIP 80904 (HD 18)",Mobilize,https://www.mobilize.us/coloradodemocraticparty/event/942482/,942482,6461889
2C,Yvonne Weissbarth,2026-10-18,Sun,3:00 PM – 6:00 PM,Weekend Canvassing for Killin: Falcon,Canvass,In person,Public,,"Peyton, CO 80831 (address private until signup)",Peyton,80831,,Killin for Colorado,,,,Killin for Colorado,,,"Approximate, from ZIP 80831 (HD 56)",Mobilize,https://www.mobilize.us/coloradodemocraticparty/event/1052343/,1052343,6545361
2C,Yvonne Weissbarth,2026-10-18,Sun,3:00 PM – 6:00 PM,Weekend Canvassing for Killin: Monument,Canvass,In person,Public,,"Monument, CO 80132 (address private until signup)",Monument,80132,,Killin for Colorado,,,,Killin for Colorado,,,"Approximate, from ZIP 80132 (HD 20)",Mobilize,https://www.mobilize.us/coloradodemocraticparty/event/1052330/,1052330,6545290
2C,Yvonne Weissbarth,2026-10-18,Sun,3:00 PM – 6:00 PM,Weekend Canvassing for Killin: Widefield,Canvass,In person,Public,,"Fountain, CO 80817 (address private until signup)",Fountain,80817,,Killin for Colorado,,,,Killin for Colorado,,,"Approximate, from ZIP 80817 (HD 21)",Mobilize,https://www.mobilize.us/coloradodemocraticparty/event/1052339/,1052339,6545331
D,,2026-10-18,Sun,4:00 PM – 6:00 PM,Colorado Coordinated Campaign Phone Bank (Region 1: Denver Metro),Phone bank,Virtual,Public,,Virtual,,,,Colorado Democratic Party,,,,,,,Virtual event,Mobilize,https://www.mobilize.us/coloradodemocraticparty/event/1055970/,1055970,6584442
2B,John Jerrald,2026-10-18,Sun,5:00 PM – 9:00 PM,"SD 11 Coordinated Phonebank | HD 17, HD 15 (Virtual)",Phone bank,Virtual,Public,Phone Bank; Get out the Vote,Virtual,Colorado Springs,80916,,Colorado Democratic Party,,,,,,,"Title mentions HD 17, HD 15",Mobilize,https://www.mobilize.us/coloradodemocraticparty/event/1047299/,1047299,6521831
2A,Stephanie Bowman,2026-10-18,Sun,5:00 PM – 9:00 PM,SD 9 Coordinated Phonebank | HD 14 (Virtual),Phone bank,Virtual,Public,Phone Bank; Get out the Vote,Virtual,Colorado Springs,80910,,Colorado Democratic Party,,,,,,,Title mentions HD 14,Mobilize,https://www.mobilize.us/coloradodemocraticparty/event/1051191/,1051191,6541184
D,,2026-10-18,Sun,5:00 PM – 7:00 PM,Sunday Phonebanking for Killin for Colorado,Phone bank,Virtual,Public,,Virtual,,,,Killin for Colorado,,,,Killin for Colorado,,,Virtual event,Mobilize,https://www.mobilize.us/coloradodemocraticparty/event/991794/,991794,6166083
2B,John Jerrald,2026-10-18,Sun,5:00 PM – 8:00 PM,Weekend Canvassing for Killin: COS,Canvass,In person,Public,,"Colorado Springs, CO 80904 (address private until signup)",Colorado Springs,80904,,Killin for Colorado,,,,Killin for Colorado,,,"Approximate, from ZIP 80904 (HD 18)",Mobilize,https://www.mobilize.us/coloradodemocraticparty/event/942482/,942482,6461893
2C,Yvonne Weissbarth,2026-10-18,Sun,5:00 PM – 8:00 PM,Weekend Canvassing for Killin: Falcon,Canvass,In person,Public,,"Peyton, CO 80831 (address private until signup)",Peyton,80831,,Killin for Colorado,,,,Killin for Colorado,,,"Approximate, from ZIP 80831 (HD 56)",Mobilize,https://www.mobilize.us/coloradodemocraticparty/event/1052343/,1052343,6545362
2C,Yvonne Weissbarth,2026-10-18,Sun,5:00 PM – 8:00 PM,Weekend Canvassing for Killin: Monument,Canvass,In person,Public,,"Monument, CO 80132 (address private until signup)",Monument,80132,,Killin for Colorado,,,,Killin for Colorado,,,"Approximate, from ZIP 80132 (HD 20)",Mobilize,https://www.mobilize.us/coloradodemocraticparty/event/1052330/,1052330,6545291
2C,Yvonne Weissbarth,2026-10-18,Sun,5:00 PM – 8:00 PM,Weekend Canvassing for Killin: Widefield,Canvass,In person,Public,,"Fountain, CO 80817 (address private until signup)",Fountain,80817,,Killin for Colorado,,,,Killin for Colorado,,,"Approximate, from ZIP 80817 (HD 21)",Mobilize,https://www.mobilize.us/coloradodemocraticparty/event/1052339/,1052339,6545332
D,,2026-10-19,Mon,12:00 AM – 11:59 PM,Volunteer Interest Form,Community,Virtual,Public,,Virtual,,,https://forms.gle/eWVSJ1Jt2ENrUxoo6,Killin for Colorado,,,,Killin for Colorado,,,Virtual event,Mobilize,https://www.mobilize.us/coloradodemocraticparty/event/896962/,896962,5773012
D,,2026-10-19,Mon,10:00 AM – 3:00 PM,"Monday, Wednesday, and Friday Coordinated Phonebank EPCO",Phone bank,Virtual,Public,Phone Bank; Get out the Vote,Virtual,Colorado Springs,80909,,Colorado Democratic Party,,,,,,,Virtual event,Mobilize,https://www.mobilize.us/coloradodemocraticparty/event/1044055/,1044055,6510031
2B,John Jerrald,2026-10-19,Mon,10:00 AM – 1:00 PM,"SD 11 Coordinated Phonebank | HD 17, HD 15 (Virtual)",Phone bank,Virtual,Public,Phone Bank; Get out the Vote,Virtual,Colorado Springs,80916,,Colorado Democratic Party,,,,,,,"Title mentions HD 17, HD 15",Mobilize,https://www.mobilize.us/coloradodemocraticparty/event/1047299/,1047299,6521772
2A,Stephanie Bowman,2026-10-19,Mon,10:00 AM – 1:00 PM,SD 9 Coordinated Phonebank | HD 14 (Virtual),Phone bank,Virtual,Public,Phone Bank; Get out the Vote,Virtual,Colorado Springs,80910,,Colorado Democratic Party,,,,,,,Title mentions HD 14,Mobilize,https://www.mobilize.us/coloradodemocraticparty/event/1051191/,1051191,6541187
2B,John Jerrald,2026-10-19,Mon,11:00 AM – 5:00 PM,Yard Sign Pick-Up,Meeting,In person,Public,,"Colorado Springs, CO 80904 (address private until signup)",Colorado Springs,80904,,Killin for Colorado,,,,Killin for Colorado,,,"Approximate, from ZIP 80904 (HD 18)",Mobilize,https://www.mobilize.us/coloradodemocraticparty/event/1002185/,1002185,6518815
2B,John Jerrald,2026-10-19,Mon,12:00 PM – 3:00 PM,Weekday Canvassing for Killin,Canvass,In person,Public,,"Colorado Springs, CO 80904 (address private until signup)",Colorado Springs,80904,,Killin for Colorado,,,,Killin for Colorado,,,"Approximate, from ZIP 80904 (HD 18)",Mobilize,https://www.mobilize.us/coloradodemocraticparty/event/990802/,990802,6393385
2B,John Jerrald,2026-10-19,Mon,1:00 PM – 5:00 PM,"SD 11 Coordinated Phonebank | HD 17, HD 15 (Virtual)",Phone bank,Virtual,Public,Phone Bank; Get out the Vote,Virtual,Colorado Springs,80916,,Colorado Democratic Party,,,,,,,"Title mentions HD 17, HD 15",Mobilize,https://www.mobilize.us/coloradodemocraticparty/event/1047299/,1047299,6521796
2A,Stephanie Bowman,2026-10-19,Mon,1:00 PM – 5:00 PM,SD 9 Coordinated Phonebank | HD 14 (Virtual),Phone bank,Virtual,Public,Phone Bank; Get out the Vote,Virtual,Colorado Springs,80910,,Colorado Democratic Party,,,,,,,Title mentions HD 14,Mobilize,https://www.mobilize.us/coloradodemocraticparty/event/1051190/,1051190,6541177
2A,Stephanie Bowman,2026-10-19,Mon,1:00 PM – 5:00 PM,SD 9 Coordinated Phonebank | HD 14 (Virtual),Phone bank,Virtual,Public,Phone Bank; Get out the Vote,Virtual,Colorado Springs,80910,,Colorado Democratic Party,,,,,,,Title mentions HD 14,Mobilize,https://www.mobilize.us/coloradodemocraticparty/event/1051191/,1051191,6541189
2B,John Jerrald,2026-10-19,Mon,3:00 PM – 6:00 PM,Weekday Canvassing for Killin,Canvass,In person,Public,,"Colorado Springs, CO 80904 (address private until signup)",Colorado Springs,80904,,Killin for Colorado,,,,Killin for Colorado,,,"Approximate, from ZIP 80904 (HD 18)",Mobilize,https://www.mobilize.us/coloradodemocraticparty/event/990802/,990802,6393387
D,,2026-10-19,Mon,4:00 PM – 5:00 PM,Coordinated Campaign REACH Training & Power Hour,Phone bank,Virtual,Public,Training; Relational Organizing; Reach,Virtual,,,,Colorado Democratic Party,,,,,,,Virtual event,Mobilize,https://www.mobilize.us/coloradodemocraticparty/event/1048523/,1048523,6529205
D,,2026-10-19,Mon,5:00 PM – 8:00 PM,"Monday, Wednesday, and Friday Coordinated Phonebank EPCO",Phone bank,Virtual,Public,Phone Bank; Get out the Vote,Virtual,Colorado Springs,80909,,Colorado Democratic Party,,,,,,,Virtual event,Mobilize,https://www.mobilize.us/coloradodemocraticparty/event/1044055/,1044055,6503199
1B,Faraj Atwi,2026-10-19,Mon,5:00 PM – 7:00 PM,Qahwa Canvass Launch at Coffee Story,Canvass,In person,Public,Phone Bank; Canvass; Get out the Vote,"Coffee Story by Barakah Brews · 2222 S Havana St Unit A1 · Aurora, CO 80014",Aurora,80014,,Colorado Democratic Party,,,,,,,Event address (HD 41),Mobilize,https://www.mobilize.us/coloradodemocraticparty/event/1049116/,1049116,6531558
2B,John Jerrald,2026-10-19,Mon,5:00 PM – 9:00 PM,"SD 11 Coordinated Phonebank | HD 17, HD 15 (Virtual)",Phone bank,Virtual,Public,Phone Bank; Get out the Vote,Virtual,Colorado Springs,80916,,Colorado Democratic Party,,,,,,,"Title mentions HD 17, HD 15",Mobilize,https://www.mobilize.us/coloradodemocraticparty/event/1047299/,1047299,6521832
2A,Stephanie Bowman,2026-10-19,Mon,5:00 PM – 9:00 PM,SD 9 Coordinated Phonebank | HD 14 (Virtual),Phone bank,Virtual,Public,Phone Bank; Get out the Vote,Virtual,Colorado Springs,80910,,Colorado Democratic Party,,,,,,,Title mentions HD 14,Mobilize,https://www.mobilize.us/coloradodemocraticparty/event/1051190/,1051190,6541179
2A,Stephanie Bowman,2026-10-19,Mon,5:00 PM – 9:00 PM,SD 9 Coordinated Phonebank | HD 14 (Virtual),Phone bank,Virtual,Public,Phone Bank; Get out the Vote,Virtual,Colorado Springs,80910,,Colorado Democratic Party,,,,,,,Title mentions HD 14,Mobilize,https://www.mobilize.us/coloradodemocraticparty/event/1051191/,1051191,6541191
2B,John Jerrald,2026-10-19,Mon,5:00 PM – 8:00 PM,Weekday Canvassing for Killin,Canvass,In person,Public,,"Colorado Springs, CO 80904 (address private until signup)",Colorado Springs,80904,,Killin for Colorado,,,,Killin for Colorado,,,"Approximate, from ZIP 80904 (HD 18)",Mobilize,https://www.mobilize.us/coloradodemocraticparty/event/990802/,990802,6393389
4,,2026-10-19,Mon,5:30 PM – 7:30 PM,Relational Text Bank with Team Manny,Text bank,In person,Public,,"Thornton · Thornton, CO 80260",Thornton,80260,,Manny Rutinel for Congress,,,,Manny Rutinel for Congress,,,"Event address (HD 31), CD-8 Adams",Mobilize,https://www.mobilize.us/coloradodemocraticparty/event/1053495/,1053495,6561155
2B,John Jerrald,2026-10-19,Mon,6:00 PM – 7:00 PM,Team Killin Message Training,Training,In person,Public,,"720 W Monument St · Colorado Springs, CO 80904",Colorado Springs,80904,,Killin for Colorado,,,,Killin for Colorado,,,Event address (HD 18),Mobilize,https://www.mobilize.us/coloradodemocraticparty/event/1032921/,1032921,6433352
D,,2026-10-20,Tue,12:00 AM – 11:59 PM,Volunteer Interest Form,Community,Virtual,Public,,Virtual,,,https://forms.gle/eWVSJ1Jt2ENrUxoo6,Killin for Colorado,,,,Killin for Colorado,,,Virtual event,Mobilize,https://www.mobilize.us/coloradodemocraticparty/event/896962/,896962,5773013
3A,Keith Pierce,2026-10-20,Tue,11:00 AM – 1:00 PM,Mesa County Post Carding for Dwayne Romero and Mallory Martin,Visibility event,In person,Public,Postcard Writing; Dwayne Romero; Mesa County,"Mesa County Dems Office · 310 N 7th St, Unit 2 · Grand Junction, CO 81501",Grand Junction,81501,,Colorado Democratic Party,,,,,,,Event address (HD 55),Mobilize,https://www.mobilize.us/coloradodemocraticparty/event/1054933/,1054933,6572999
2B,John Jerrald,2026-10-20,Tue,11:00 AM – 5:00 PM,Yard Sign Pick-Up,Meeting,In person,Public,,"Colorado Springs, CO 80904 (address private until signup)",Colorado Springs,80904,,Killin for Colorado,,,,Killin for Colorado,,,"Approximate, from ZIP 80904 (HD 18)",Mobilize,https://www.mobilize.us/coloradodemocraticparty/event/1002185/,1002185,6518816
2B,John Jerrald,2026-10-20,Tue,1:00 PM – 5:00 PM,"SD 11 Coordinated Phonebank | HD 17, HD 15 (Virtual)",Phone bank,Virtual,Public,Phone Bank; Get out the Vote,Virtual,Colorado Springs,80916,,Colorado Democratic Party,,,,,,,"Title mentions HD 17, HD 15",Mobilize,https://www.mobilize.us/coloradodemocraticparty/event/1047299/,1047299,6521797
2A,Stephanie Bowman,2026-10-20,Tue,1:00 PM – 5:00 PM,SD 9 Coordinated Phonebank | HD 14 (Virtual),Phone bank,Virtual,Public,Phone Bank; Get out the Vote,Virtual,Colorado Springs,80910,,Colorado Democratic Party,,,,,,,Title mentions HD 14,Mobilize,https://www.mobilize.us/coloradodemocraticparty/event/1051190/,1051190,6541181
2A,Stephanie Bowman,2026-10-20,Tue,1:00 PM – 5:00 PM,SD 9 Coordinated Phonebank | HD 14 (Virtual),Phone bank,Virtual,Public,Phone Bank; Get out the Vote,Virtual,Colorado Springs,80910,,Colorado Democratic Party,,,,,,,Title mentions HD 14,Mobilize,https://www.mobilize.us/coloradodemocraticparty/event/1051191/,1051191,6541193
1A,Emile Smith,2026-10-20,Tue,4:00 PM – 7:00 PM,"Make Calls, Win Colorado: CDP Phone Bank at Team Phil HQ",Phone bank,In person,Public,Denver; Coordinated Campaign; Phone Bank,"3840 York St · Denver, CO 80205",Denver,80205,,Colorado Democratic Party,,,,,,,Event address (HD 8),Mobilize,https://www.mobilize.us/coloradodemocraticparty/event/1050901/,1050901,6539965
2B,John Jerrald,2026-10-20,Tue,5:00 PM – 9:00 PM,"SD 11 Coordinated Phonebank | HD 17, HD 15 (Virtual)",Phone bank,Virtual,Public,Phone Bank; Get out the Vote,Virtual,Colorado Springs,80916,,Colorado Democratic Party,,,,,,,"Title mentions HD 17, HD 15",Mobilize,https://www.mobilize.us/coloradodemocraticparty/event/1047299/,1047299,6521833
2A,Stephanie Bowman,2026-10-20,Tue,5:00 PM – 9:00 PM,SD 9 Coordinated Phonebank | HD 14 (Virtual),Phone bank,Virtual,Public,Phone Bank; Get out the Vote,Virtual,Colorado Springs,80910,,Colorado Democratic Party,,,,,,,Title mentions HD 14,Mobilize,https://www.mobilize.us/coloradodemocraticparty/event/1051191/,1051191,6541194
4,,2026-10-20,Tue,5:30 PM – 7:30 PM,Canvass with Team Manny (Thornton),Canvass,In person,Public,,"Thornton, CO 80260 (address private until signup)",Thornton,80260,,Manny Rutinel for Congress,,,,Manny Rutinel for Congress,,,"Approximate, from ZIP 80260 (HD 31), CD-8 Adams",Mobilize,https://www.mobilize.us/coloradodemocraticparty/event/989322/,989322,6485433
D,,2026-10-20,Tue,5:30 PM – 8:00 PM,Colorado Coordinated Campaign Phone Bank (Distributed),Phone bank,Virtual,Public,,Virtual,,,,Colorado Democratic Party,,,,,,,Virtual event,Mobilize,https://www.mobilize.us/coloradodemocraticparty/event/1055961/,1055961,6578171
D,,2026-10-20,Tue,5:30 PM – 8:00 PM,Colorado Coordinated Campaign Phone Bank (Region 1: Denver Metro),Phone bank,Virtual,Public,,Virtual,,,,Colorado Democratic Party,,,,,,,Virtual event,Mobilize,https://www.mobilize.us/coloradodemocraticparty/event/1055970/,1055970,6578216
D,,2026-10-20,Tue,5:30 PM – 8:00 PM,Colorado Coordinated Campaign Phone Bank (Region 3: CD-3),Phone bank,Virtual,Public,,Virtual,,,,Colorado Democratic Party,,,,,,,Virtual event,Mobilize,https://www.mobilize.us/coloradodemocraticparty/event/1055979/,1055979,6578243
D,,2026-10-20,Tue,6:00 PM – 8:00 PM,Weekday Phonebanking for Killin for Colorado,Phone bank,Virtual,Public,,Virtual,,,,Killin for Colorado,,,,Killin for Colorado,,,Virtual event,Mobilize,https://www.mobilize.us/coloradodemocraticparty/event/991780/,991780,6165990
D,,2026-10-21,Wed,12:00 AM – 11:59 PM,Volunteer Interest Form,Community,Virtual,Public,,Virtual,,,https://forms.gle/eWVSJ1Jt2ENrUxoo6,Killin for Colorado,,,,Killin for Colorado,,,Virtual event,Mobilize,https://www.mobilize.us/coloradodemocraticparty/event/896962/,896962,5773014
D,,2026-10-21,Wed,10:00 AM – 3:00 PM,"Monday, Wednesday, and Friday Coordinated Phonebank EPCO",Phone bank,Virtual,Public,Phone Bank; Get out the Vote,Virtual,Colorado Springs,80909,,Colorado Democratic Party,,,,,,,Virtual event,Mobilize,https://www.mobilize.us/coloradodemocraticparty/event/1044055/,1044055,6510020
2B,John Jerrald,2026-10-21,Wed,11:00 AM – 5:00 PM,Yard Sign Pick-Up,Meeting,In person,Public,,"Colorado Springs, CO 80904 (address private until signup)",Colorado Springs,80904,,Killin for Colorado,,,,Killin for Colorado,,,"Approximate, from ZIP 80904 (HD 18)",Mobilize,https://www.mobilize.us/coloradodemocraticparty/event/1002185/,1002185,6518817
2B,John Jerrald,2026-10-21,Wed,12:00 PM – 3:00 PM,Weekday Canvassing for Killin,Canvass,In person,Public,,"Colorado Springs, CO 80904 (address private until signup)",Colorado Springs,80904,,Killin for Colorado,,,,Killin for Colorado,,,"Approximate, from ZIP 80904 (HD 18)",Mobilize,https://www.mobilize.us/coloradodemocraticparty/event/990802/,990802,6461999
2B,John Jerrald,2026-10-21,Wed,1:00 PM – 5:00 PM,"SD 11 Coordinated Phonebank | HD 17, HD 15 (Virtual)",Phone bank,Virtual,Public,Phone Bank; Get out the Vote,Virtual,Colorado Springs,80916,,Colorado Democratic Party,,,,,,,"Title mentions HD 17, HD 15",Mobilize,https://www.mobilize.us/coloradodemocraticparty/event/1047299/,1047299,6521798
2A,Stephanie Bowman,2026-10-21,Wed,1:00 PM – 5:00 PM,SD 9 Coordinated Phonebank | HD 14 (Virtual),Phone bank,Virtual,Public,Phone Bank; Get out the Vote,Virtual,Colorado Springs,80910,,Colorado Democratic Party,,,,,,,Title mentions HD 14,Mobilize,https://www.mobilize.us/coloradodemocraticparty/event/1051190/,1051190,6541185
2A,Stephanie Bowman,2026-10-21,Wed,1:00 PM – 5:00 PM,SD 9 Coordinated Phonebank | HD 14 (Virtual),Phone bank,Virtual,Public,Phone Bank; Get out the Vote,Virtual,Colorado Springs,80910,,Colorado Democratic Party,,,,,,,Title mentions HD 14,Mobilize,https://www.mobilize.us/coloradodemocraticparty/event/1051191/,1051191,6541196
2B,John Jerrald,2026-10-21,Wed,3:00 PM – 6:00 PM,Weekday Canvassing for Killin,Canvass,In person,Public,,"Colorado Springs, CO 80904 (address private until signup)",Colorado Springs,80904,,Killin for Colorado,,,,Killin for Colorado,,,"Approximate, from ZIP 80904 (HD 18)",Mobilize,https://www.mobilize.us/coloradodemocraticparty/event/990802/,990802,6462001
1B,Faraj Atwi,2026-10-21,Wed,4:00 PM – 6:00 PM,Coffee Canvass Launch at Lost Coffee,Canvass,In person,Public,Phone Bank; Canvass; Get out the Vote,"Lost Coffee · 50 Springer Dr · Highlands Ranch, CO 80129",Highlands Ranch,80129,,Colorado Democratic Party,,,,,,,Event address (HD 43),Mobilize,https://www.mobilize.us/coloradodemocraticparty/event/1050743/,1050743,6539157
D,,2026-10-21,Wed,5:00 PM – 8:00 PM,"Monday, Wednesday, and Friday Coordinated Phonebank EPCO",Phone bank,Virtual,Public,Phone Bank; Get out the Vote,Virtual,Colorado Springs,80909,,Colorado Democratic Party,,,,,,,Virtual event,Mobilize,https://www.mobilize.us/coloradodemocraticparty/event/1044055/,1044055,6503204
2B,John Jerrald,2026-10-21,Wed,5:00 PM – 9:00 PM,"SD 11 Coordinated Phonebank | HD 17, HD 15 (Virtual)",Phone bank,Virtual,Public,Phone Bank; Get out the Vote,Virtual,Colorado Springs,80916,,Colorado Democratic Party,,,,,,,"Title mentions HD 17, HD 15",Mobilize,https://www.mobilize.us/coloradodemocraticparty/event/1047299/,1047299,6521834
2A,Stephanie Bowman,2026-10-21,Wed,5:00 PM – 9:00 PM,SD 9 Coordinated Phonebank | HD 14 (Virtual),Phone bank,Virtual,Public,Phone Bank; Get out the Vote,Virtual,Colorado Springs,80910,,Colorado Democratic Party,,,,,,,Title mentions HD 14,Mobilize,https://www.mobilize.us/coloradodemocraticparty/event/1051191/,1051191,6541198
2B,John Jerrald,2026-10-21,Wed,5:00 PM – 8:00 PM,Weekday Canvassing for Killin,Canvass,In person,Public,,"Colorado Springs, CO 80904 (address private until signup)",Colorado Springs,80904,,Killin for Colorado,,,,Killin for Colorado,,,"Approximate, from ZIP 80904 (HD 18)",Mobilize,https://www.mobilize.us/coloradodemocraticparty/event/990802/,990802,6462003
D,,2026-10-21,Wed,5:00 PM – 7:00 PM,Weekday Phonebanking for Killin for Colorado,Phone bank,Virtual,Public,,Virtual,,,,Killin for Colorado,,,,Killin for Colorado,,,Virtual event,Mobilize,https://www.mobilize.us/coloradodemocraticparty/event/991780/,991780,6166004
4,,2026-10-21,Wed,5:30 PM – 7:00 PM,Coordinated Campaign Bilingual Canvass for Jillaire McMillan and Manny Rutinel,Canvass,In person,Public,Canvass,"Dacono, CO 80514 (address private until signup)",Dacono,80514,,Colorado Democratic Party,,,,,,,"Approximate, from ZIP 80514 (HD 19), CD-8 Weld",Mobilize,https://www.mobilize.us/coloradodemocraticparty/event/1049656/,1049656,6534041
3A,Keith Pierce,2026-10-21,Wed,5:30 PM – 7:00 PM,"Grand Junction Phone Banking for Brittni Packard, Mallory Martin, and Dwayne Romero",Phone bank,In person,Public,Mesa County; Dwayne Romero; Phone Bank,"Office of Mallory Martin and Brittni Packard for HD 54/55 · 715 Horizon Dr · Grand Junction, CO 81506",Grand Junction,81506,,Colorado Democratic Party,,,,,,,Event address (HD 55),Mobilize,https://www.mobilize.us/coloradodemocraticparty/event/1054949/,1054949,6573164
D,,2026-10-21,Wed,6:00 PM – 8:00 PM,Phone Bank with Team Manny,Phone bank,Virtual,Public,,Virtual,,,,Manny Rutinel for Congress,,,,Manny Rutinel for Congress,,,Virtual event,Mobilize,https://www.mobilize.us/coloradodemocraticparty/event/991415/,991415,6164178
D,,2026-10-22,Thu,12:00 AM – 11:59 PM,Volunteer Interest Form,Community,Virtual,Public,,Virtual,,,https://forms.gle/eWVSJ1Jt2ENrUxoo6,Killin for Colorado,,,,Killin for Colorado,,,Virtual event,Mobilize,https://www.mobilize.us/coloradodemocraticparty/event/896962/,896962,5773015
2B,John Jerrald,2026-10-22,Thu,11:00 AM – 5:00 PM,Yard Sign Pick-Up,Meeting,In person,Public,,"Colorado Springs, CO 80904 (address private until signup)",Colorado Springs,80904,,Killin for Colorado,,,,Killin for Colorado,,,"Approximate, from ZIP 80904 (HD 18)",Mobilize,https://www.mobilize.us/coloradodemocraticparty/event/1002185/,1002185,6518818
2B,John Jerrald,2026-10-22,Thu,12:00 PM – 3:00 PM,Weekday Canvassing for Killin,Canvass,In person,Public,,"Colorado Springs, CO 80904 (address private until signup)",Colorado Springs,80904,,Killin for Colorado,,,,Killin for Colorado,,,"Approximate, from ZIP 80904 (HD 18)",Mobilize,https://www.mobilize.us/coloradodemocraticparty/event/990802/,990802,6462005
2B,John Jerrald,2026-10-22,Thu,1:00 PM – 5:00 PM,"SD 11 Coordinated Phonebank | HD 17, HD 15 (Virtual)",Phone bank,Virtual,Public,Phone Bank; Get out the Vote,Virtual,Colorado Springs,80916,,Colorado Democratic Party,,,,,,,"Title mentions HD 17, HD 15",Mobilize,https://www.mobilize.us/coloradodemocraticparty/event/1047299/,1047299,6521799
2A,Stephanie Bowman,2026-10-22,Thu,1:00 PM – 5:00 PM,SD 9 Coordinated Phonebank | HD 14 (Virtual),Phone bank,Virtual,Public,Phone Bank; Get out the Vote,Virtual,Colorado Springs,80910,,Colorado Democratic Party,,,,,,,Title mentions HD 14,Mobilize,https://www.mobilize.us/coloradodemocraticparty/event/1051190/,1051190,6541188
2A,Stephanie Bowman,2026-10-22,Thu,1:00 PM – 5:00 PM,SD 9 Coordinated Phonebank | HD 14 (Virtual),Phone bank,Virtual,Public,Phone Bank; Get out the Vote,Virtual,Colorado Springs,80910,,Colorado Democratic Party,,,,,,,Title mentions HD 14,Mobilize,https://www.mobilize.us/coloradodemocraticparty/event/1051191/,1051191,6541200
2B,John Jerrald,2026-10-22,Thu,3:00 PM – 6:00 PM,Weekday Canvassing for Killin,Canvass,In person,Public,,"Colorado Springs, CO 80904 (address private until signup)",Colorado Springs,80904,,Killin for Colorado,,,,Killin for Colorado,,,"Approximate, from ZIP 80904 (HD 18)",Mobilize,https://www.mobilize.us/coloradodemocraticparty/event/990802/,990802,6462007
1B,Faraj Atwi,2026-10-22,Thu,4:00 PM – 7:00 PM,GOTV Canvass Launch with Eliza Hamrick (HD61) & Tom Sullivan (SD27),Canvass,In person,Public,Canvass; Get out the Vote,"Centennial, CO 80016 (address private until signup)",Centennial,80016,,Colorado Democratic Party,,,,,,,"Approximate, from ZIP 80016 (HD 61)",Mobilize,https://www.mobilize.us/coloradodemocraticparty/event/1049058/,1049058,6591831
1A,Emile Smith,2026-10-22,Thu,4:00 PM – 7:00 PM,"Make Calls, Win Colorado: CDP Phone Bank at Team Phil HQ",Phone bank,In person,Public,Denver; Coordinated Campaign; Phone Bank,"3840 York St · Denver, CO 80205",Denver,80205,,Colorado Democratic Party,,,,,,,Event address (HD 8),Mobilize,https://www.mobilize.us/coloradodemocraticparty/event/1050901/,1050901,6539970
2B,John Jerrald,2026-10-22,Thu,5:00 PM – 9:00 PM,"SD 11 Coordinated Phonebank | HD 17, HD 15 (Virtual)",Phone bank,Virtual,Public,Phone Bank; Get out the Vote,Virtual,Colorado Springs,80916,,Colorado Democratic Party,,,,,,,"Title mentions HD 17, HD 15",Mobilize,https://www.mobilize.us/coloradodemocraticparty/event/1047299/,1047299,6521835
2A,Stephanie Bowman,2026-10-22,Thu,5:00 PM – 9:00 PM,SD 9 Coordinated Phonebank | HD 14 (Virtual),Phone bank,Virtual,Public,Phone Bank; Get out the Vote,Virtual,Colorado Springs,80910,,Colorado Democratic Party,,,,,,,Title mentions HD 14,Mobilize,https://www.mobilize.us/coloradodemocraticparty/event/1051191/,1051191,6541202
2B,John Jerrald,2026-10-22,Thu,5:00 PM – 8:00 PM,Weekday Canvassing for Killin,Canvass,In person,Public,,"Colorado Springs, CO 80904 (address private until signup)",Colorado Springs,80904,,Killin for Colorado,,,,Killin for Colorado,,,"Approximate, from ZIP 80904 (HD 18)",Mobilize,https://www.mobilize.us/coloradodemocraticparty/event/990802/,990802,6462009
4,,2026-10-22,Thu,5:30 PM – 7:30 PM,Canvass with Team Manny (Thornton),Canvass,In person,Public,,"Thornton, CO 80260 (address private until signup)",Thornton,80260,,Manny Rutinel for Congress,,,,Manny Rutinel for Congress,,,"Approximate, from ZIP 80260 (HD 31), CD-8 Adams",Mobilize,https://www.mobilize.us/coloradodemocraticparty/event/989322/,989322,6405391
D,,2026-10-22,Thu,5:30 PM – 8:00 PM,Colorado Coordinated Campaign Phone Bank (Distributed),Phone bank,Virtual,Public,,Virtual,,,,Colorado Democratic Party,,,,,,,Virtual event,Mobilize,https://www.mobilize.us/coloradodemocraticparty/event/1055961/,1055961,6578172
D,,2026-10-22,Thu,5:30 PM – 8:00 PM,Colorado Coordinated Campaign Phone Bank (Region 1: Denver Metro),Phone bank,Virtual,Public,,Virtual,,,,Colorado Democratic Party,,,,,,,Virtual event,Mobilize,https://www.mobilize.us/coloradodemocraticparty/event/1055970/,1055970,6578217
D,,2026-10-22,Thu,5:30 PM – 8:00 PM,Colorado Coordinated Campaign Phone Bank (Region 3: CD-3),Phone bank,Virtual,Public,,Virtual,,,,Colorado Democratic Party,,,,,,,Virtual event,Mobilize,https://www.mobilize.us/coloradodemocraticparty/event/1055979/,1055979,6578244
D,,2026-10-23,Fri,12:00 AM – 11:59 PM,Volunteer Interest Form,Community,Virtual,Public,,Virtual,,,https://forms.gle/eWVSJ1Jt2ENrUxoo6,Killin for Colorado,,,,Killin for Colorado,,,Virtual event,Mobilize,https://www.mobilize.us/coloradodemocraticparty/event/896962/,896962,5773016
D,,2026-10-23,Fri,10:00 AM – 3:00 PM,"Monday, Wednesday, and Friday Coordinated Phonebank EPCO",Phone bank,Virtual,Public,Phone Bank; Get out the Vote,Virtual,Colorado Springs,80909,,Colorado Democratic Party,,,,,,,Virtual event,Mobilize,https://www.mobilize.us/coloradodemocraticparty/event/1044055/,1044055,6510026
2B,John Jerrald,2026-10-23,Fri,11:00 AM – 5:00 PM,Yard Sign Pick-Up,Meeting,In person,Public,,"Colorado Springs, CO 80904 (address private until signup)",Colorado Springs,80904,,Killin for Colorado,,,,Killin for Colorado,,,"Approximate, from ZIP 80904 (HD 18)",Mobilize,https://www.mobilize.us/coloradodemocraticparty/event/1002185/,1002185,6518819
2B,John Jerrald,2026-10-23,Fri,12:00 PM – 3:00 PM,Weekday Canvassing for Killin,Canvass,In person,Public,,"Colorado Springs, CO 80904 (address private until signup)",Colorado Springs,80904,,Killin for Colorado,,,,Killin for Colorado,,,"Approximate, from ZIP 80904 (HD 18)",Mobilize,https://www.mobilize.us/coloradodemocraticparty/event/990802/,990802,6462011
1A,Emile Smith,2026-10-23,Fri,1:00 PM – 3:00 PM,Community Conversation | Coffee with the CDP | Canvass Launch,Canvass,In person,Public,,"Tonantzin Cafe · 910 Santa Fe Dr · Denver, CO 80204",Denver,80204,,Colorado Democratic Party,,,,,,,Event address (HD 5),Mobilize,https://www.mobilize.us/coloradodemocraticparty/event/1054291/,1054291,6567518
2B,John Jerrald,2026-10-23,Fri,1:00 PM – 5:00 PM,"SD 11 Coordinated Phonebank | HD 17, HD 15 (Virtual)",Phone bank,Virtual,Public,Phone Bank; Get out the Vote,Virtual,Colorado Springs,80916,,Colorado Democratic Party,,,,,,,"Title mentions HD 17, HD 15",Mobilize,https://www.mobilize.us/coloradodemocraticparty/event/1047299/,1047299,6521800
2A,Stephanie Bowman,2026-10-23,Fri,1:00 PM – 5:00 PM,SD 9 Coordinated Phonebank | HD 14 (Virtual),Phone bank,Virtual,Public,Phone Bank; Get out the Vote,Virtual,Colorado Springs,80910,,Colorado Democratic Party,,,,,,,Title mentions HD 14,Mobilize,https://www.mobilize.us/coloradodemocraticparty/event/1051190/,1051190,6541192
2A,Stephanie Bowman,2026-10-23,Fri,1:00 PM – 5:00 PM,SD 9 Coordinated Phonebank | HD 14 (Virtual),Phone bank,Virtual,Public,Phone Bank; Get out the Vote,Virtual,Colorado Springs,80910,,Colorado Democratic Party,,,,,,,Title mentions HD 14,Mobilize,https://www.mobilize.us/coloradodemocraticparty/event/1051191/,1051191,6541204
2B,John Jerrald,2026-10-23,Fri,3:00 PM – 6:00 PM,Weekday Canvassing for Killin,Canvass,In person,Public,,"Colorado Springs, CO 80904 (address private until signup)",Colorado Springs,80904,,Killin for Colorado,,,,Killin for Colorado,,,"Approximate, from ZIP 80904 (HD 18)",Mobilize,https://www.mobilize.us/coloradodemocraticparty/event/990802/,990802,6462013
D,,2026-10-23,Fri,5:00 PM – 8:00 PM,"Monday, Wednesday, and Friday Coordinated Phonebank EPCO",Phone bank,Virtual,Public,Phone Bank; Get out the Vote,Virtual,Colorado Springs,80909,,Colorado Democratic Party,,,,,,,Virtual event,Mobilize,https://www.mobilize.us/coloradodemocraticparty/event/1044055/,1044055,6503209
2B,John Jerrald,2026-10-23,Fri,5:00 PM – 9:00 PM,"SD 11 Coordinated Phonebank | HD 17, HD 15 (Virtual)",Phone bank,Virtual,Public,Phone Bank; Get out the Vote,Virtual,Colorado Springs,80916,,Colorado Democratic Party,,,,,,,"Title mentions HD 17, HD 15",Mobilize,https://www.mobilize.us/coloradodemocraticparty/event/1047299/,1047299,6521836
2A,Stephanie Bowman,2026-10-23,Fri,5:00 PM – 9:00 PM,SD 9 Coordinated Phonebank | HD 14 (Virtual),Phone bank,Virtual,Public,Phone Bank; Get out the Vote,Virtual,Colorado Springs,80910,,Colorado Democratic Party,,,,,,,Title mentions HD 14,Mobilize,https://www.mobilize.us/coloradodemocraticparty/event/1051191/,1051191,6541206
2B,John Jerrald,2026-10-23,Fri,5:00 PM – 8:00 PM,Weekday Canvassing for Killin,Canvass,In person,Public,,"Colorado Springs, CO 80904 (address private until signup)",Colorado Springs,80904,,Killin for Colorado,,,,Killin for Colorado,,,"Approximate, from ZIP 80904 (HD 18)",Mobilize,https://www.mobilize.us/coloradodemocraticparty/event/990802/,990802,6462015
D,,2026-10-24,Sat,12:00 AM – 11:59 PM,Volunteer Interest Form,Community,Virtual,Public,,Virtual,,,https://forms.gle/eWVSJ1Jt2ENrUxoo6,Killin for Colorado,,,,Killin for Colorado,,,Virtual event,Mobilize,https://www.mobilize.us/coloradodemocraticparty/event/896962/,896962,5773017
2B,John Jerrald,2026-10-24,Sat,9:00 AM – 3:00 PM,Get Out The Vote (GOTV) With Amy Paschal HD - 18,Canvass,In person,Public,,"Colorado Springs · Colorado Springs, CO 80903",Colorado Springs,80903,,Colorado Democratic Party,,,,,,,Event address (HD 18),Mobilize,https://www.mobilize.us/coloradodemocraticparty/event/1024404/,1024404,6370579
1A,Emile Smith,2026-10-24,Sat,9:00 AM – 1:00 PM,Get Out The Vote | Coordinated Canvass Launch with Rep. Tammy Story in HD-25,Canvass,In person,Public,,"Chaucer Park · 10558 W Vista View Dr · Littleton, CO 80127",Littleton,80127,,Colorado Democratic Party,,,,,,,Event address (HD 25),Mobilize,https://www.mobilize.us/coloradodemocraticparty/event/1055357/,1055357,6575536
3B,Garrett Kelley,2026-10-24,Sat,9:00 AM – 11:00 AM,Pueblo Democrats Weekly Saturday Morning Canvass,Canvass,In person,Public,,"Pueblo Democrats HQ · 602 W 9th St · Pueblo, CO 81003",Pueblo,81003,,Colorado Democratic Party,,,,,,,Event address (HD 46),Mobilize,https://www.mobilize.us/coloradodemocraticparty/event/1034164/,1034164,6440090
2B,John Jerrald,2026-10-24,Sat,9:00 AM – 12:00 PM,Weekend Canvassing for Killin: COS,Canvass,In person,Public,,"Colorado Springs, CO 80904 (address private until signup)",Colorado Springs,80904,,Killin for Colorado,,,,Killin for Colorado,,,"Approximate, from ZIP 80904 (HD 18)",Mobilize,https://www.mobilize.us/coloradodemocraticparty/event/942482/,942482,6461866
2C,Yvonne Weissbarth,2026-10-24,Sat,9:00 AM – 12:00 PM,Weekend Canvassing for Killin: Falcon,Canvass,In person,Public,,"Peyton, CO 80831 (address private until signup)",Peyton,80831,,Killin for Colorado,,,,Killin for Colorado,,,"Approximate, from ZIP 80831 (HD 56)",Mobilize,https://www.mobilize.us/coloradodemocraticparty/event/1052343/,1052343,6545363
2C,Yvonne Weissbarth,2026-10-24,Sat,9:00 AM – 12:00 PM,Weekend Canvassing for Killin: Monument,Canvass,In person,Public,,"Monument, CO 80132 (address private until signup)",Monument,80132,,Killin for Colorado,,,,Killin for Colorado,,,"Approximate, from ZIP 80132 (HD 20)",Mobilize,https://www.mobilize.us/coloradodemocraticparty/event/1052330/,1052330,6545292
2C,Yvonne Weissbarth,2026-10-24,Sat,9:00 AM – 12:00 PM,Weekend Canvassing for Killin: Widefield,Canvass,In person,Public,,"Fountain, CO 80817 (address private until signup)",Fountain,80817,,Killin for Colorado,,,,Killin for Colorado,,,"Approximate, from ZIP 80817 (HD 21)",Mobilize,https://www.mobilize.us/coloradodemocraticparty/event/1052339/,1052339,6545333
3A,Keith Pierce,2026-10-24,Sat,9:30 AM – 1:00 PM,Mesa County Weekly Canvass for Coordinated Slate,Canvass,In person,Public,Coordinated Campaign; Mesa County; Canvass,"Mesa Dems Office · 310 N 7th St, Unit 2 · Grand Junction, CO 81501",Grand Junction,81501,,Colorado Democratic Party,,,,,,,Event address (HD 55),Mobilize,https://www.mobilize.us/coloradodemocraticparty/event/1054964/,1054964,6573432
4,,2026-10-24,Sat,10:00 AM – 1:00 PM,Canvass with Team Manny (Thornton),Canvass,In person,Public,,"Thornton, CO 80260 (address private until signup)",Thornton,80260,,Manny Rutinel for Congress,,,,Manny Rutinel for Congress,,,"Approximate, from ZIP 80260 (HD 31), CD-8 Adams",Mobilize,https://www.mobilize.us/coloradodemocraticparty/event/989322/,989322,6154726
1B,Faraj Atwi,2026-10-24,Sat,10:00 AM – 1:00 PM,Douglas County Canvass Launch with Joe Neguse,Canvass,In person,Public,Canvass; Get out the Vote,"Highlands Ranch, CO 80129 (address private until signup)",Highlands Ranch,80129,,Colorado Democratic Party,,,,,,,"Approximate, from ZIP 80129 (HD 43)",Mobilize,https://www.mobilize.us/coloradodemocraticparty/event/1058923/,1058923,6593019
2B,John Jerrald,2026-10-24,Sat,10:00 AM – 12:00 PM,GOTV - Coordinated Campaign Canvas in El Paso County,Canvass,In person,Public,Drivers; Canvass; Get out the Vote,"Colorado Springs, CO 80909 (address private until signup)",Colorado Springs,80909,,Colorado Democratic Party,,,,,,,"Approximate, from ZIP 80909 (HD 16)",Mobilize,https://www.mobilize.us/coloradodemocraticparty/event/1039398/,1039398,6472284
1B,Faraj Atwi,2026-10-24,Sat,10:00 AM – 12:00 PM,GOTV Canvass Launch with Eliza Hamrick (HD61) & Tom Sullivan (SD27),Canvass,In person,Public,Canvass; Get out the Vote,"Centennial, CO 80016 (address private until signup)",Centennial,80016,,Colorado Democratic Party,,,,,,,"Approximate, from ZIP 80016 (HD 61)",Mobilize,https://www.mobilize.us/coloradodemocraticparty/event/1049058/,1049058,6531320
4,,2026-10-24,Sat,10:00 AM – 1:00 PM,Knock Doors with Manny and Congressman Jason Crow!,Canvass,In person,Public,,"Thornton, CO 80260 (address private until signup)",Thornton,80260,,Manny Rutinel for Congress,,,,Manny Rutinel for Congress,,,"Approximate, from ZIP 80260 (HD 31), CD-8 Adams",Mobilize,https://www.mobilize.us/coloradodemocraticparty/event/1052270/,1052270,6545152
D,,2026-10-24,Sat,10:00 AM – 1:00 PM,Loveland Canvass Launch with Janice Marchman- Sat. Oct 24,Canvass,In person,Public,,"Benson Sculpture Garden · 1125 W 29th St · Loveland, CO 80538",Loveland,80538,,Colorado Democratic Party,,,,,,,"Event address (HD 51), outside regional turf",Mobilize,https://www.mobilize.us/coloradodemocraticparty/event/1056841/,1056841,6582094
2B,John Jerrald,2026-10-24,Sat,10:00 AM – 12:00 PM,Sen. Exum SD 11 & Rep. Dr. English HD 17 | Colorado Springs Canvass,Canvass,In person,Public,Canvass; Get out the Vote,"2054 Jetwing Dr. , Colorado Springs, CO, United States, 80916 · 2054 Jet Wing Dr · Colorado Springs, CO 80916",Colorado Springs,80916,,Colorado Democratic Party,,,,,,,Event address (HD 17),Mobilize,https://www.mobilize.us/coloradodemocraticparty/event/1045785/,1045785,6513586
4,,2026-10-24,Sat,11:00 AM – 2:00 PM,Knock Doors with Team Manny Greeley with Tommy Butler for HD 50!,Canvass,In person,Public,,"Greeley, CO 80631 (address private until signup)",Greeley,80631,,Colorado Democratic Party,,,,,,,"Approximate, from ZIP 80631 (HD 50), CD-8 Weld",Mobilize,https://www.mobilize.us/coloradodemocraticparty/event/1039390/,1039390,6472245
3B,Garrett Kelley,2026-10-24,Sat,11:00 AM – 1:00 PM,Pueblo Democrats Weekly Saturday Morning Canvass,Canvass,In person,Public,,"Pueblo Democrats HQ · 602 W 9th St · Pueblo, CO 81003",Pueblo,81003,,Colorado Democratic Party,,,,,,,Event address (HD 46),Mobilize,https://www.mobilize.us/coloradodemocraticparty/event/1034164/,1034164,6440111
D,,2026-10-24,Sat,11:00 AM – 12:00 PM,Rally in Chaffee County with AG Phil Weiser and Congresswoman Brittany Pettersen!,Visibility event,In person,Public,,"Chaffee County, CO 80442 (address private until signup)",Chaffee County,80442,,Colorado Democratic Party,,,,,,,"Approximate, from ZIP 80442 (HD 13), outside regional turf",Mobilize,https://www.mobilize.us/coloradodemocraticparty/event/1034702/,1034702,6443156
2B,John Jerrald,2026-10-24,Sat,11:00 AM – 5:00 PM,Yard Sign Pick-Up,Meeting,In person,Public,,"Colorado Springs, CO 80904 (address private until signup)",Colorado Springs,80904,,Killin for Colorado,,,,Killin for Colorado,,,"Approximate, from ZIP 80904 (HD 18)",Mobilize,https://www.mobilize.us/coloradodemocraticparty/event/1002185/,1002185,6518820
4,,2026-10-24,Sat,12:00 PM – 2:30 PM,Canvass with Team Manny (Thornton),Canvass,In person,Public,,"Thornton, CO 80260 (address private until signup)",Thornton,80260,,Manny Rutinel for Congress,,,,Manny Rutinel for Congress,,,"Approximate, from ZIP 80260 (HD 31), CD-8 Adams",Mobilize,https://www.mobilize.us/coloradodemocraticparty/event/989322/,989322,6574108
2B,John Jerrald,2026-10-24,Sat,12:00 PM – 2:00 PM,GOTV - Coordinated Campaign Canvas in El Paso County,Canvass,In person,Public,Drivers; Canvass; Get out the Vote,"Colorado Springs, CO 80909 (address private until signup)",Colorado Springs,80909,,Colorado Democratic Party,,,,,,,"Approximate, from ZIP 80909 (HD 16)",Mobilize,https://www.mobilize.us/coloradodemocraticparty/event/1039398/,1039398,6472290
3A,Keith Pierce,2026-10-24,Sat,12:00 PM – 2:00 PM,Palisade Canvass with Mallory Martin,Canvass,In person,Public,Mallory Martin; Mesa County; Canvass,"Palisade Veteran's Memorial Park · 120 W 8th St · Palisade, CO 81526",Palisade,81526,,Colorado Democratic Party,,,,,,,Event address (HD 54),Mobilize,https://www.mobilize.us/coloradodemocraticparty/event/1054975/,1054975,6573569
2B,John Jerrald,2026-10-24,Sat,12:00 PM – 2:00 PM,Sen. Exum SD 11 & Rep. Dr. English HD 17 | Colorado Springs Canvass,Canvass,In person,Public,Canvass; Get out the Vote,"2054 Jetwing Dr. , Colorado Springs, CO, United States, 80916 · 2054 Jet Wing Dr · Colorado Springs, CO 80916",Colorado Springs,80916,,Colorado Democratic Party,,,,,,,Event address (HD 17),Mobilize,https://www.mobilize.us/coloradodemocraticparty/event/1045785/,1045785,6513591
2B,John Jerrald,2026-10-24,Sat,12:00 PM – 3:00 PM,Weekend Canvassing for Killin: COS,Canvass,In person,Public,,"Colorado Springs, CO 80904 (address private until signup)",Colorado Springs,80904,,Killin for Colorado,,,,Killin for Colorado,,,"Approximate, from ZIP 80904 (HD 18)",Mobilize,https://www.mobilize.us/coloradodemocraticparty/event/942482/,942482,6461870
2C,Yvonne Weissbarth,2026-10-24,Sat,12:00 PM – 3:00 PM,Weekend Canvassing for Killin: Falcon,Canvass,In person,Public,,"Peyton, CO 80831 (address private until signup)",Peyton,80831,,Killin for Colorado,,,,Killin for Colorado,,,"Approximate, from ZIP 80831 (HD 56)",Mobilize,https://www.mobilize.us/coloradodemocraticparty/event/1052343/,1052343,6545364
2C,Yvonne Weissbarth,2026-10-24,Sat,12:00 PM – 3:00 PM,Weekend Canvassing for Killin: Monument,Canvass,In person,Public,,"Monument, CO 80132 (address private until signup)",Monument,80132,,Killin for Colorado,,,,Killin for Colorado,,,"Approximate, from ZIP 80132 (HD 20)",Mobilize,https://www.mobilize.us/coloradodemocraticparty/event/1052330/,1052330,6545293
2C,Yvonne Weissbarth,2026-10-24,Sat,12:00 PM – 3:00 PM,Weekend Canvassing for Killin: Widefield,Canvass,In person,Public,,"Fountain, CO 80817 (address private until signup)",Fountain,80817,,Killin for Colorado,,,,Killin for Colorado,,,"Approximate, from ZIP 80817 (HD 21)",Mobilize,https://www.mobilize.us/coloradodemocraticparty/event/1052339/,1052339,6545334
D,,2026-10-24,Sat,1:00 PM – 4:00 PM,"Fremont Canvass with AG Phil Weiser, Congresswoman Pettersen, and SD Candidate Justin Kurth",Canvass,Virtual,Public,Fremont; Phil Weiser; Canvass,Virtual,Cañon City,81212,,Colorado Democratic Party,,,,,,,Virtual event,Mobilize,https://www.mobilize.us/coloradodemocraticparty/event/1048520/,1048520,6529195
4,,2026-10-24,Sat,1:00 PM – 4:00 PM,Knock Doors with Team Manny Greeley with Tommy Butler for HD 50!,Canvass,In person,Public,,"Greeley, CO 80631 (address private until signup)",Greeley,80631,,Colorado Democratic Party,,,,,,,"Approximate, from ZIP 80631 (HD 50), CD-8 Weld",Mobilize,https://www.mobilize.us/coloradodemocraticparty/event/1039390/,1039390,6472251
2B,John Jerrald,2026-10-24,Sat,1:00 PM – 5:00 PM,"SD 11 Coordinated Phonebank | HD 17, HD 15 (Virtual)",Phone bank,Virtual,Public,Phone Bank; Get out the Vote,Virtual,Colorado Springs,80916,,Colorado Democratic Party,,,,,,,"Title mentions HD 17, HD 15",Mobilize,https://www.mobilize.us/coloradodemocraticparty/event/1047299/,1047299,6521801
2A,Stephanie Bowman,2026-10-24,Sat,1:00 PM – 5:00 PM,SD 9 Coordinated Phonebank | HD 14 (Virtual),Phone bank,Virtual,Public,Phone Bank; Get out the Vote,Virtual,Colorado Springs,80910,,Colorado Democratic Party,,,,,,,Title mentions HD 14,Mobilize,https://www.mobilize.us/coloradodemocraticparty/event/1051190/,1051190,6541197
2A,Stephanie Bowman,2026-10-24,Sat,1:00 PM – 5:00 PM,SD 9 Coordinated Phonebank | HD 14 (Virtual),Phone bank,Virtual,Public,Phone Bank; Get out the Vote,Virtual,Colorado Springs,80910,,Colorado Democratic Party,,,,,,,Title mentions HD 14,Mobilize,https://www.mobilize.us/coloradodemocraticparty/event/1051191/,1051191,6541208
2B,John Jerrald,2026-10-24,Sat,2:00 PM – 4:00 PM,GOTV - Coordinated Campaign Canvas in El Paso County,Canvass,In person,Public,Drivers; Canvass; Get out the Vote,"Colorado Springs, CO 80909 (address private until signup)",Colorado Springs,80909,,Colorado Democratic Party,,,,,,,"Approximate, from ZIP 80909 (HD 16)",Mobilize,https://www.mobilize.us/coloradodemocraticparty/event/1039398/,1039398,6472296
2B,John Jerrald,2026-10-24,Sat,2:00 PM – 4:00 PM,Sen. Exum SD 11 & Rep. Dr. English HD 17 | Colorado Springs Canvass,Canvass,In person,Public,Canvass; Get out the Vote,"2054 Jetwing Dr. , Colorado Springs, CO, United States, 80916 · 2054 Jet Wing Dr · Colorado Springs, CO 80916",Colorado Springs,80916,,Colorado Democratic Party,,,,,,,Event address (HD 17),Mobilize,https://www.mobilize.us/coloradodemocraticparty/event/1045785/,1045785,6513596
3B,Garrett Kelley,2026-10-24,Sat,3:00 PM – 5:00 PM,10 Days Out Labor Rally,Visibility event,In person,Public,Get out the Vote,"Pueblo, CO 81003 (address private until signup)",Pueblo,81003,,Colorado Democratic Party,,,,,,,"Approximate, from ZIP 81003 (HD 46)",Mobilize,https://www.mobilize.us/coloradodemocraticparty/event/1057559/,1057559,6586873
4,,2026-10-24,Sat,3:00 PM – 5:30 PM,Canvass with Team Manny (Thornton),Canvass,In person,Public,,"Thornton, CO 80260 (address private until signup)",Thornton,80260,,Manny Rutinel for Congress,,,,Manny Rutinel for Congress,,,"Approximate, from ZIP 80260 (HD 31), CD-8 Adams",Mobilize,https://www.mobilize.us/coloradodemocraticparty/event/989322/,989322,6574110
D,,2026-10-24,Sat,3:00 PM – 5:00 PM,Phone Bank with Team Manny,Phone bank,Virtual,Public,,Virtual,,,,Manny Rutinel for Congress,,,,Manny Rutinel for Congress,,,Virtual event,Mobilize,https://www.mobilize.us/coloradodemocraticparty/event/991415/,991415,6534362
D,,2026-10-24,Sat,3:00 PM – 5:30 PM,Phonebank for Dwayne!,Phone bank,Virtual,Public,Phonebank; Phone Bank; Phonebanking,Virtual,,,,Romero For Colorado,,,,Romero For Colorado,,,Virtual event,Mobilize,https://www.mobilize.us/coloradodemocraticparty/event/1033023/,1033023,6443204
2B,John Jerrald,2026-10-24,Sat,3:00 PM – 6:00 PM,Weekend Canvassing for Killin: COS,Canvass,In person,Public,,"Colorado Springs, CO 80904 (address private until signup)",Colorado Springs,80904,,Killin for Colorado,,,,Killin for Colorado,,,"Approximate, from ZIP 80904 (HD 18)",Mobilize,https://www.mobilize.us/coloradodemocraticparty/event/942482/,942482,6461874
2C,Yvonne Weissbarth,2026-10-24,Sat,3:00 PM – 6:00 PM,Weekend Canvassing for Killin: Falcon,Canvass,In person,Public,,"Peyton, CO 80831 (address private until signup)",Peyton,80831,,Killin for Colorado,,,,Killin for Colorado,,,"Approximate, from ZIP 80831 (HD 56)",Mobilize,https://www.mobilize.us/coloradodemocraticparty/event/1052343/,1052343,6545365
2C,Yvonne Weissbarth,2026-10-24,Sat,3:00 PM – 6:00 PM,Weekend Canvassing for Killin: Monument,Canvass,In person,Public,,"Monument, CO 80132 (address private until signup)",Monument,80132,,Killin for Colorado,,,,Killin for Colorado,,,"Approximate, from ZIP 80132 (HD 20)",Mobilize,https://www.mobilize.us/coloradodemocraticparty/event/1052330/,1052330,6545294
2C,Yvonne Weissbarth,2026-10-24,Sat,3:00 PM – 6:00 PM,Weekend Canvassing for Killin: Widefield,Canvass,In person,Public,,"Fountain, CO 80817 (address private until signup)",Fountain,80817,,Killin for Colorado,,,,Killin for Colorado,,,"Approximate, from ZIP 80817 (HD 21)",Mobilize,https://www.mobilize.us/coloradodemocraticparty/event/1052339/,1052339,6545335
2B,John Jerrald,2026-10-24,Sat,5:00 PM – 9:00 PM,"SD 11 Coordinated Phonebank | HD 17, HD 15 (Virtual)",Phone bank,Virtual,Public,Phone Bank; Get out the Vote,Virtual,Colorado Springs,80916,,Colorado Democratic Party,,,,,,,"Title mentions HD 17, HD 15",Mobilize,https://www.mobilize.us/coloradodemocraticparty/event/1047299/,1047299,6521837
2A,Stephanie Bowman,2026-10-24,Sat,5:00 PM – 9:00 PM,SD 9 Coordinated Phonebank | HD 14 (Virtual),Phone bank,Virtual,Public,Phone Bank; Get out the Vote,Virtual,Colorado Springs,80910,,Colorado Democratic Party,,,,,,,Title mentions HD 14,Mobilize,https://www.mobilize.us/coloradodemocraticparty/event/1051191/,1051191,6541210
2B,John Jerrald,2026-10-24,Sat,5:00 PM – 8:00 PM,Weekend Canvassing for Killin: COS,Canvass,In person,Public,,"Colorado Springs, CO 80904 (address private until signup)",Colorado Springs,80904,,Killin for Colorado,,,,Killin for Colorado,,,"Approximate, from ZIP 80904 (HD 18)",Mobilize,https://www.mobilize.us/coloradodemocraticparty/event/942482/,942482,6461878
2C,Yvonne Weissbarth,2026-10-24,Sat,5:00 PM – 8:00 PM,Weekend Canvassing for Killin: Falcon,Canvass,In person,Public,,"Peyton, CO 80831 (address private until signup)",Peyton,80831,,Killin for Colorado,,,,Killin for Colorado,,,"Approximate, from ZIP 80831 (HD 56)",Mobilize,https://www.mobilize.us/coloradodemocraticparty/event/1052343/,1052343,6545366
2C,Yvonne Weissbarth,2026-10-24,Sat,5:00 PM – 8:00 PM,Weekend Canvassing for Killin: Monument,Canvass,In person,Public,,"Monument, CO 80132 (address private until signup)",Monument,80132,,Killin for Colorado,,,,Killin for Colorado,,,"Approximate, from ZIP 80132 (HD 20)",Mobilize,https://www.mobilize.us/coloradodemocraticparty/event/1052330/,1052330,6545295
2C,Yvonne Weissbarth,2026-10-24,Sat,5:00 PM – 8:00 PM,Weekend Canvassing for Killin: Widefield,Canvass,In person,Public,,"Fountain, CO 80817 (address private until signup)",Fountain,80817,,Killin for Colorado,,,,Killin for Colorado,,,"Approximate, from ZIP 80817 (HD 21)",Mobilize,https://www.mobilize.us/coloradodemocraticparty/event/1052339/,1052339,6545336
D,,2026-10-25,Sun,12:00 AM – 11:59 PM,Volunteer Interest Form,Community,Virtual,Public,,Virtual,,,https://forms.gle/eWVSJ1Jt2ENrUxoo6,Killin for Colorado,,,,Killin for Colorado,,,Virtual event,Mobilize,https://www.mobilize.us/coloradodemocraticparty/event/896962/,896962,5773018
2B,John Jerrald,2026-10-25,Sun,9:00 AM – 10:00 AM,Coffee with Killin: Downtown COS,Meet greet,In person,Public,,"Colorado Springs, CO 80903 (address private until signup)",Colorado Springs,80903,,Killin for Colorado,,,,Killin for Colorado,,,"Approximate, from ZIP 80903 (HD 18)",Mobilize,https://www.mobilize.us/coloradodemocraticparty/event/1027775/,1027775,6398776
3B,Garrett Kelley,2026-10-25,Sun,9:00 AM – 3:00 PM,Get Out The Vote (GOTV) With Tisha Mauro HD-46,Canvass,In person,Public,,"602 W 9th St · Pueblo, CO 81003",Pueblo,81003,,Colorado Democratic Party,,,,,,,Event address (HD 46),Mobilize,https://www.mobilize.us/coloradodemocraticparty/event/1024405/,1024405,6370580
2B,John Jerrald,2026-10-25,Sun,9:00 AM – 12:00 PM,Weekend Canvassing for Killin: COS,Canvass,In person,Public,,"Colorado Springs, CO 80904 (address private until signup)",Colorado Springs,80904,,Killin for Colorado,,,,Killin for Colorado,,,"Approximate, from ZIP 80904 (HD 18)",Mobilize,https://www.mobilize.us/coloradodemocraticparty/event/942482/,942482,6461882
2C,Yvonne Weissbarth,2026-10-25,Sun,9:00 AM – 12:00 PM,Weekend Canvassing for Killin: Falcon,Canvass,In person,Public,,"Peyton, CO 80831 (address private until signup)",Peyton,80831,,Killin for Colorado,,,,Killin for Colorado,,,"Approximate, from ZIP 80831 (HD 56)",Mobilize,https://www.mobilize.us/coloradodemocraticparty/event/1052343/,1052343,6545367
2C,Yvonne Weissbarth,2026-10-25,Sun,9:00 AM – 12:00 PM,Weekend Canvassing for Killin: Monument,Canvass,In person,Public,,"Monument, CO 80132 (address private until signup)",Monument,80132,,Killin for Colorado,,,,Killin for Colorado,,,"Approximate, from ZIP 80132 (HD 20)",Mobilize,https://www.mobilize.us/coloradodemocraticparty/event/1052330/,1052330,6545296
2C,Yvonne Weissbarth,2026-10-25,Sun,9:00 AM – 12:00 PM,Weekend Canvassing for Killin: Widefield,Canvass,In person,Public,,"Fountain, CO 80817 (address private until signup)",Fountain,80817,,Killin for Colorado,,,,Killin for Colorado,,,"Approximate, from ZIP 80817 (HD 21)",Mobilize,https://www.mobilize.us/coloradodemocraticparty/event/1052339/,1052339,6545337
4,,2026-10-25,Sun,10:00 AM – 1:00 PM,Canvass with Team Manny (Thornton),Canvass,In person,Public,,"Thornton, CO 80260 (address private until signup)",Thornton,80260,,Manny Rutinel for Congress,,,,Manny Rutinel for Congress,,,"Approximate, from ZIP 80260 (HD 31), CD-8 Adams",Mobilize,https://www.mobilize.us/coloradodemocraticparty/event/989322/,989322,6154741
1B,Faraj Atwi,2026-10-25,Sun,10:00 AM – 12:00 PM,GOTV Canvass Launch with Eliza Hamrick (HD61) & Tom Sullivan (SD27),Canvass,In person,Public,Canvass; Get out the Vote,"Centennial, CO 80016 (address private until signup)",Centennial,80016,,Colorado Democratic Party,,,,,,,"Approximate, from ZIP 80016 (HD 61)",Mobilize,https://www.mobilize.us/coloradodemocraticparty/event/1049058/,1049058,6531321
1A,Emile Smith,2026-10-25,Sun,10:00 AM – 1:00 PM,Get Out The Vote | Coordinated Canvass Launch with Rep. Tammy Story in HD-25,Canvass,In person,Public,,"Chaucer Park · 10558 W Vista View Dr · Littleton, CO 80127",Littleton,80127,,Colorado Democratic Party,,,,,,,Event address (HD 25),Mobilize,https://www.mobilize.us/coloradodemocraticparty/event/1055358/,1055358,6575537
D,,2026-10-25,Sun,10:00 AM – 1:00 PM,Loveland Canvass Launch with Janice Marchman- Sun. Oct 25,Canvass,In person,Public,,"Benson Sculpture Garden · 1125 W 29th St · Loveland, CO 80538",Loveland,80538,,Colorado Democratic Party,,,,,,,"Event address (HD 51), outside regional turf",Mobilize,https://www.mobilize.us/coloradodemocraticparty/event/1056911/,1056911,6582485
1B,Faraj Atwi,2026-10-25,Sun,11:00 AM – 1:30 PM,Colorado Dems & Douglas County Canvass with Kevin Leung & Phil Weiser,Canvass,In person,Public,Canvass; Get out the Vote,"Littleton, CO 80129 (address private until signup)",Littleton,80129,,Colorado Democratic Party,,,,,,,"Approximate, from ZIP 80129 (HD 43)",Mobilize,https://www.mobilize.us/coloradodemocraticparty/event/1058934/,1058934,6593040
4,,2026-10-25,Sun,11:00 AM – 2:00 PM,Knock Doors with Team Manny Greeley with Tommy Butler for HD 50!,Canvass,In person,Public,,"Greeley, CO 80631 (address private until signup)",Greeley,80631,,Colorado Democratic Party,,,,,,,"Approximate, from ZIP 80631 (HD 50), CD-8 Weld",Mobilize,https://www.mobilize.us/coloradodemocraticparty/event/1039390/,1039390,6534820
2B,John Jerrald,2026-10-25,Sun,11:00 AM – 5:00 PM,Yard Sign Pick-Up,Meeting,In person,Public,,"Colorado Springs, CO 80904 (address private until signup)",Colorado Springs,80904,,Killin for Colorado,,,,Killin for Colorado,,,"Approximate, from ZIP 80904 (HD 18)",Mobilize,https://www.mobilize.us/coloradodemocraticparty/event/1002185/,1002185,6518821
3A,Keith Pierce,2026-10-25,Sun,11:30 AM – 2:00 PM,Carbondale Canvass for the Democratic Slate,Canvass,In person,Public,Coordinated Campaign; Canvass; Garfield County,"Third Street Center · 520 S 3rd St · Carbondale, CO 81623",Carbondale,81623,,Colorado Democratic Party,,,,,,,Event address (HD 57),Mobilize,https://www.mobilize.us/coloradodemocraticparty/event/1057018/,1057018,6582862
4,,2026-10-25,Sun,12:00 PM – 2:30 PM,Canvass with Team Manny (Thornton),Canvass,In person,Public,,"Thornton, CO 80260 (address private until signup)",Thornton,80260,,Manny Rutinel for Congress,,,,Manny Rutinel for Congress,,,"Approximate, from ZIP 80260 (HD 31), CD-8 Adams",Mobilize,https://www.mobilize.us/coloradodemocraticparty/event/989322/,989322,6574112
2B,John Jerrald,2026-10-25,Sun,12:00 PM – 2:00 PM,GOTV - Coordinated Campaign Canvas in El Paso County,Canvass,In person,Public,Drivers; Canvass; Get out the Vote,"Colorado Springs, CO 80909 (address private until signup)",Colorado Springs,80909,,Colorado Democratic Party,,,,,,,"Approximate, from ZIP 80909 (HD 16)",Mobilize,https://www.mobilize.us/coloradodemocraticparty/event/1039398/,1039398,6472334
2B,John Jerrald,2026-10-25,Sun,12:00 PM – 2:00 PM,Sen. Exum SD 11 & Rep. Dr. English HD 17 | Colorado Springs Canvass,Canvass,In person,Public,Canvass; Get out the Vote,"2054 Jetwing Dr. , Colorado Springs, CO, United States, 80916 · 2054 Jet Wing Dr · Colorado Springs, CO 80916",Colorado Springs,80916,,Colorado Democratic Party,,,,,,,Event address (HD 17),Mobilize,https://www.mobilize.us/coloradodemocraticparty/event/1045785/,1045785,6513602
2B,John Jerrald,2026-10-25,Sun,12:00 PM – 3:00 PM,Weekend Canvassing for Killin: COS,Canvass,In person,Public,,"Colorado Springs, CO 80904 (address private until signup)",Colorado Springs,80904,,Killin for Colorado,,,,Killin for Colorado,,,"Approximate, from ZIP 80904 (HD 18)",Mobilize,https://www.mobilize.us/coloradodemocraticparty/event/942482/,942482,6461886
2C,Yvonne Weissbarth,2026-10-25,Sun,12:00 PM – 3:00 PM,Weekend Canvassing for Killin: Falcon,Canvass,In person,Public,,"Peyton, CO 80831 (address private until signup)",Peyton,80831,,Killin for Colorado,,,,Killin for Colorado,,,"Approximate, from ZIP 80831 (HD 56)",Mobilize,https://www.mobilize.us/coloradodemocraticparty/event/1052343/,1052343,6545368
2C,Yvonne Weissbarth,2026-10-25,Sun,12:00 PM – 3:00 PM,Weekend Canvassing for Killin: Monument,Canvass,In person,Public,,"Monument, CO 80132 (address private until signup)",Monument,80132,,Killin for Colorado,,,,Killin for Colorado,,,"Approximate, from ZIP 80132 (HD 20)",Mobilize,https://www.mobilize.us/coloradodemocraticparty/event/1052330/,1052330,6545297
2C,Yvonne Weissbarth,2026-10-25,Sun,12:00 PM – 3:00 PM,Weekend Canvassing for Killin: Widefield,Canvass,In person,Public,,"Fountain, CO 80817 (address private until signup)",Fountain,80817,,Killin for Colorado,,,,Killin for Colorado,,,"Approximate, from ZIP 80817 (HD 21)",Mobilize,https://www.mobilize.us/coloradodemocraticparty/event/1052339/,1052339,6545338
2B,John Jerrald,2026-10-25,Sun,1:00 PM – 5:00 PM,"SD 11 Coordinated Phonebank | HD 17, HD 15 (Virtual)",Phone bank,Virtual,Public,Phone Bank; Get out the Vote,Virtual,Colorado Springs,80916,,Colorado Democratic Party,,,,,,,"Title mentions HD 17, HD 15",Mobilize,https://www.mobilize.us/coloradodemocraticparty/event/1047299/,1047299,6521802
2A,Stephanie Bowman,2026-10-25,Sun,1:00 PM – 5:00 PM,SD 9 Coordinated Phonebank | HD 14 (Virtual),Phone bank,Virtual,Public,Phone Bank; Get out the Vote,Virtual,Colorado Springs,80910,,Colorado Democratic Party,,,,,,,Title mentions HD 14,Mobilize,https://www.mobilize.us/coloradodemocraticparty/event/1051190/,1051190,6541201
2A,Stephanie Bowman,2026-10-25,Sun,1:00 PM – 5:00 PM,SD 9 Coordinated Phonebank | HD 14 (Virtual),Phone bank,Virtual,Public,Phone Bank; Get out the Vote,Virtual,Colorado Springs,80910,,Colorado Democratic Party,,,,,,,Title mentions HD 14,Mobilize,https://www.mobilize.us/coloradodemocraticparty/event/1051191/,1051191,6541211
2B,John Jerrald,2026-10-25,Sun,2:00 PM – 4:00 PM,GOTV - Coordinated Campaign Canvas in El Paso County,Canvass,In person,Public,Drivers; Canvass; Get out the Vote,"Colorado Springs, CO 80909 (address private until signup)",Colorado Springs,80909,,Colorado Democratic Party,,,,,,,"Approximate, from ZIP 80909 (HD 16)",Mobilize,https://www.mobilize.us/coloradodemocraticparty/event/1039398/,1039398,6472340
2B,John Jerrald,2026-10-25,Sun,2:00 PM – 4:00 PM,Sen. Exum SD 11 & Rep. Dr. English HD 17 | Colorado Springs Canvass,Canvass,In person,Public,Canvass; Get out the Vote,"2054 Jetwing Dr. , Colorado Springs, CO, United States, 80916 · 2054 Jet Wing Dr · Colorado Springs, CO 80916",Colorado Springs,80916,,Colorado Democratic Party,,,,,,,Event address (HD 17),Mobilize,https://www.mobilize.us/coloradodemocraticparty/event/1045785/,1045785,6513608
4,,2026-10-25,Sun,3:00 PM – 5:30 PM,Canvass with Team Manny (Thornton),Canvass,In person,Public,,"Thornton, CO 80260 (address private until signup)",Thornton,80260,,Manny Rutinel for Congress,,,,Manny Rutinel for Congress,,,"Approximate, from ZIP 80260 (HD 31), CD-8 Adams",Mobilize,https://www.mobilize.us/coloradodemocraticparty/event/989322/,989322,6574114
2B,John Jerrald,2026-10-25,Sun,3:00 PM – 6:00 PM,Weekend Canvassing for Killin: COS,Canvass,In person,Public,,"Colorado Springs, CO 80904 (address private until signup)",Colorado Springs,80904,,Killin for Colorado,,,,Killin for Colorado,,,"Approximate, from ZIP 80904 (HD 18)",Mobilize,https://www.mobilize.us/coloradodemocraticparty/event/942482/,942482,6461890
2C,Yvonne Weissbarth,2026-10-25,Sun,3:00 PM – 6:00 PM,Weekend Canvassing for Killin: Falcon,Canvass,In person,Public,,"Peyton, CO 80831 (address private until signup)",Peyton,80831,,Killin for Colorado,,,,Killin for Colorado,,,"Approximate, from ZIP 80831 (HD 56)",Mobilize,https://www.mobilize.us/coloradodemocraticparty/event/1052343/,1052343,6545369
2C,Yvonne Weissbarth,2026-10-25,Sun,3:00 PM – 6:00 PM,Weekend Canvassing for Killin: Monument,Canvass,In person,Public,,"Monument, CO 80132 (address private until signup)",Monument,80132,,Killin for Colorado,,,,Killin for Colorado,,,"Approximate, from ZIP 80132 (HD 20)",Mobilize,https://www.mobilize.us/coloradodemocraticparty/event/1052330/,1052330,6545298
2C,Yvonne Weissbarth,2026-10-25,Sun,3:00 PM – 6:00 PM,Weekend Canvassing for Killin: Widefield,Canvass,In person,Public,,"Fountain, CO 80817 (address private until signup)",Fountain,80817,,Killin for Colorado,,,,Killin for Colorado,,,"Approximate, from ZIP 80817 (HD 21)",Mobilize,https://www.mobilize.us/coloradodemocraticparty/event/1052339/,1052339,6545339
D,,2026-10-25,Sun,4:00 PM – 6:00 PM,Colorado Coordinated Campaign Phone Bank (Region 1: Denver Metro),Phone bank,Virtual,Public,,Virtual,,,,Colorado Democratic Party,,,,,,,Virtual event,Mobilize,https://www.mobilize.us/coloradodemocraticparty/event/1055970/,1055970,6584443
2B,John Jerrald,2026-10-25,Sun,5:00 PM – 9:00 PM,"SD 11 Coordinated Phonebank | HD 17, HD 15 (Virtual)",Phone bank,Virtual,Public,Phone Bank; Get out the Vote,Virtual,Colorado Springs,80916,,Colorado Democratic Party,,,,,,,"Title mentions HD 17, HD 15",Mobilize,https://www.mobilize.us/coloradodemocraticparty/event/1047299/,1047299,6521838
2A,Stephanie Bowman,2026-10-25,Sun,5:00 PM – 9:00 PM,SD 9 Coordinated Phonebank | HD 14 (Virtual),Phone bank,Virtual,Public,Phone Bank; Get out the Vote,Virtual,Colorado Springs,80910,,Colorado Democratic Party,,,,,,,Title mentions HD 14,Mobilize,https://www.mobilize.us/coloradodemocraticparty/event/1051191/,1051191,6541213
D,,2026-10-25,Sun,5:00 PM – 7:00 PM,Sunday Phonebanking for Killin for Colorado,Phone bank,Virtual,Public,,Virtual,,,,Killin for Colorado,,,,Killin for Colorado,,,Virtual event,Mobilize,https://www.mobilize.us/coloradodemocraticparty/event/991794/,991794,6166084
2B,John Jerrald,2026-10-25,Sun,5:00 PM – 8:00 PM,Weekend Canvassing for Killin: COS,Canvass,In person,Public,,"Colorado Springs, CO 80904 (address private until signup)",Colorado Springs,80904,,Killin for Colorado,,,,Killin for Colorado,,,"Approximate, from ZIP 80904 (HD 18)",Mobilize,https://www.mobilize.us/coloradodemocraticparty/event/942482/,942482,6461894
2C,Yvonne Weissbarth,2026-10-25,Sun,5:00 PM – 8:00 PM,Weekend Canvassing for Killin: Falcon,Canvass,In person,Public,,"Peyton, CO 80831 (address private until signup)",Peyton,80831,,Killin for Colorado,,,,Killin for Colorado,,,"Approximate, from ZIP 80831 (HD 56)",Mobilize,https://www.mobilize.us/coloradodemocraticparty/event/1052343/,1052343,6545370
2C,Yvonne Weissbarth,2026-10-25,Sun,5:00 PM – 8:00 PM,Weekend Canvassing for Killin: Monument,Canvass,In person,Public,,"Monument, CO 80132 (address private until signup)",Monument,80132,,Killin for Colorado,,,,Killin for Colorado,,,"Approximate, from ZIP 80132 (HD 20)",Mobilize,https://www.mobilize.us/coloradodemocraticparty/event/1052330/,1052330,6545299
2C,Yvonne Weissbarth,2026-10-25,Sun,5:00 PM – 8:00 PM,Weekend Canvassing for Killin: Widefield,Canvass,In person,Public,,"Fountain, CO 80817 (address private until signup)",Fountain,80817,,Killin for Colorado,,,,Killin for Colorado,,,"Approximate, from ZIP 80817 (HD 21)",Mobilize,https://www.mobilize.us/coloradodemocraticparty/event/1052339/,1052339,6545340
D,,2026-10-26,Mon,12:00 AM – 11:59 PM,Volunteer Interest Form,Community,Virtual,Public,,Virtual,,,https://forms.gle/eWVSJ1Jt2ENrUxoo6,Killin for Colorado,,,,Killin for Colorado,,,Virtual event,Mobilize,https://www.mobilize.us/coloradodemocraticparty/event/896962/,896962,5773019
D,,2026-10-26,Mon,10:00 AM – 3:00 PM,"Monday, Wednesday, and Friday Coordinated Phonebank EPCO",Phone bank,Virtual,Public,Phone Bank; Get out the Vote,Virtual,Colorado Springs,80909,,Colorado Democratic Party,,,,,,,Virtual event,Mobilize,https://www.mobilize.us/coloradodemocraticparty/event/1044055/,1044055,6510032
2B,John Jerrald,2026-10-26,Mon,10:00 AM – 1:00 PM,"SD 11 Coordinated Phonebank | HD 17, HD 15 (Virtual)",Phone bank,Virtual,Public,Phone Bank; Get out the Vote,Virtual,Colorado Springs,80916,,Colorado Democratic Party,,,,,,,"Title mentions HD 17, HD 15",Mobilize,https://www.mobilize.us/coloradodemocraticparty/event/1047299/,1047299,6521773
2A,Stephanie Bowman,2026-10-26,Mon,10:00 AM – 1:00 PM,SD 9 Coordinated Phonebank | HD 14 (Virtual),Phone bank,Virtual,Public,Phone Bank; Get out the Vote,Virtual,Colorado Springs,80910,,Colorado Democratic Party,,,,,,,Title mentions HD 14,Mobilize,https://www.mobilize.us/coloradodemocraticparty/event/1051191/,1051191,6541216
2B,John Jerrald,2026-10-26,Mon,11:00 AM – 5:00 PM,Yard Sign Pick-Up,Meeting,In person,Public,,"Colorado Springs, CO 80904 (address private until signup)",Colorado Springs,80904,,Killin for Colorado,,,,Killin for Colorado,,,"Approximate, from ZIP 80904 (HD 18)",Mobilize,https://www.mobilize.us/coloradodemocraticparty/event/1002185/,1002185,6518822
2B,John Jerrald,2026-10-26,Mon,12:00 PM – 3:00 PM,Weekday Canvassing for Killin,Canvass,In person,Public,,"Colorado Springs, CO 80904 (address private until signup)",Colorado Springs,80904,,Killin for Colorado,,,,Killin for Colorado,,,"Approximate, from ZIP 80904 (HD 18)",Mobilize,https://www.mobilize.us/coloradodemocraticparty/event/990802/,990802,6393386
2B,John Jerrald,2026-10-26,Mon,1:00 PM – 5:00 PM,"SD 11 Coordinated Phonebank | HD 17, HD 15 (Virtual)",Phone bank,Virtual,Public,Phone Bank; Get out the Vote,Virtual,Colorado Springs,80916,,Colorado Democratic Party,,,,,,,"Title mentions HD 17, HD 15",Mobilize,https://www.mobilize.us/coloradodemocraticparty/event/1047299/,1047299,6521803
2A,Stephanie Bowman,2026-10-26,Mon,1:00 PM – 5:00 PM,SD 9 Coordinated Phonebank | HD 14 (Virtual),Phone bank,Virtual,Public,Phone Bank; Get out the Vote,Virtual,Colorado Springs,80910,,Colorado Democratic Party,,,,,,,Title mentions HD 14,Mobilize,https://www.mobilize.us/coloradodemocraticparty/event/1051190/,1051190,6541207
2A,Stephanie Bowman,2026-10-26,Mon,1:00 PM – 5:00 PM,SD 9 Coordinated Phonebank | HD 14 (Virtual),Phone bank,Virtual,Public,Phone Bank; Get out the Vote,Virtual,Colorado Springs,80910,,Colorado Democratic Party,,,,,,,Title mentions HD 14,Mobilize,https://www.mobilize.us/coloradodemocraticparty/event/1051191/,1051191,6541219
2B,John Jerrald,2026-10-26,Mon,3:00 PM – 6:00 PM,Weekday Canvassing for Killin,Canvass,In person,Public,,"Colorado Springs, CO 80904 (address private until signup)",Colorado Springs,80904,,Killin for Colorado,,,,Killin for Colorado,,,"Approximate, from ZIP 80904 (HD 18)",Mobilize,https://www.mobilize.us/coloradodemocraticparty/event/990802/,990802,6393388
D,,2026-10-26,Mon,4:00 PM – 5:00 PM,Coordinated Campaign REACH Training & Power Hour,Phone bank,Virtual,Public,Training; Relational Organizing; Reach,Virtual,,,,Colorado Democratic Party,,,,,,,Virtual event,Mobilize,https://www.mobilize.us/coloradodemocraticparty/event/1048523/,1048523,6529206
D,,2026-10-26,Mon,5:00 PM – 8:00 PM,"Monday, Wednesday, and Friday Coordinated Phonebank EPCO",Phone bank,Virtual,Public,Phone Bank; Get out the Vote,Virtual,Colorado Springs,80909,,Colorado Democratic Party,,,,,,,Virtual event,Mobilize,https://www.mobilize.us/coloradodemocraticparty/event/1044055/,1044055,6503200
1B,Faraj Atwi,2026-10-26,Mon,5:00 PM – 7:00 PM,Qahwa Canvass Launch at Coffee Story,Canvass,In person,Public,Phone Bank; Canvass; Get out the Vote,"Coffee Story by Barakah Brews · 2222 S Havana St Unit A1 · Aurora, CO 80014",Aurora,80014,,Colorado Democratic Party,,,,,,,Event address (HD 41),Mobilize,https://www.mobilize.us/coloradodemocraticparty/event/1049116/,1049116,6531559
2B,John Jerrald,2026-10-26,Mon,5:00 PM – 9:00 PM,"SD 11 Coordinated Phonebank | HD 17, HD 15 (Virtual)",Phone bank,Virtual,Public,Phone Bank; Get out the Vote,Virtual,Colorado Springs,80916,,Colorado Democratic Party,,,,,,,"Title mentions HD 17, HD 15",Mobilize,https://www.mobilize.us/coloradodemocraticparty/event/1047299/,1047299,6521839
2A,Stephanie Bowman,2026-10-26,Mon,5:00 PM – 9:00 PM,SD 9 Coordinated Phonebank | HD 14 (Virtual),Phone bank,Virtual,Public,Phone Bank; Get out the Vote,Virtual,Colorado Springs,80910,,Colorado Democratic Party,,,,,,,Title mentions HD 14,Mobilize,https://www.mobilize.us/coloradodemocraticparty/event/1051190/,1051190,6541209
2A,Stephanie Bowman,2026-10-26,Mon,5:00 PM – 9:00 PM,SD 9 Coordinated Phonebank | HD 14 (Virtual),Phone bank,Virtual,Public,Phone Bank; Get out the Vote,Virtual,Colorado Springs,80910,,Colorado Democratic Party,,,,,,,Title mentions HD 14,Mobilize,https://www.mobilize.us/coloradodemocraticparty/event/1051191/,1051191,6541221
2B,John Jerrald,2026-10-26,Mon,5:00 PM – 8:00 PM,Weekday Canvassing for Killin,Canvass,In person,Public,,"Colorado Springs, CO 80904 (address private until signup)",Colorado Springs,80904,,Killin for Colorado,,,,Killin for Colorado,,,"Approximate, from ZIP 80904 (HD 18)",Mobilize,https://www.mobilize.us/coloradodemocraticparty/event/990802/,990802,6393390
4,,2026-10-26,Mon,5:30 PM – 7:30 PM,Relational Text Bank with Team Manny,Text bank,In person,Public,,"Thornton · Thornton, CO 80260",Thornton,80260,,Manny Rutinel for Congress,,,,Manny Rutinel for Congress,,,"Event address (HD 31), CD-8 Adams",Mobilize,https://www.mobilize.us/coloradodemocraticparty/event/1053495/,1053495,6561156
D,,2026-10-27,Tue,12:00 AM – 11:59 PM,Volunteer Interest Form,Community,Virtual,Public,,Virtual,,,https://forms.gle/eWVSJ1Jt2ENrUxoo6,Killin for Colorado,,,,Killin for Colorado,,,Virtual event,Mobilize,https://www.mobilize.us/coloradodemocraticparty/event/896962/,896962,5773020
3A,Keith Pierce,2026-10-27,Tue,11:00 AM – 1:00 PM,Mesa County Post Carding for Dwayne Romero and Mallory Martin,Visibility event,In person,Public,Postcard Writing; Dwayne Romero; Mesa County,"Mesa County Dems Office · 310 N 7th St, Unit 2 · Grand Junction, CO 81501",Grand Junction,81501,,Colorado Democratic Party,,,,,,,Event address (HD 55),Mobilize,https://www.mobilize.us/coloradodemocraticparty/event/1054933/,1054933,6573000
2B,John Jerrald,2026-10-27,Tue,11:00 AM – 5:00 PM,Yard Sign Pick-Up,Meeting,In person,Public,,"Colorado Springs, CO 80904 (address private until signup)",Colorado Springs,80904,,Killin for Colorado,,,,Killin for Colorado,,,"Approximate, from ZIP 80904 (HD 18)",Mobilize,https://www.mobilize.us/coloradodemocraticparty/event/1002185/,1002185,6518823
2B,John Jerrald,2026-10-27,Tue,12:00 PM – 3:00 PM,Weekday Canvassing for Killin,Canvass,In person,Public,,"Colorado Springs, CO 80904 (address private until signup)",Colorado Springs,80904,,Killin for Colorado,,,,Killin for Colorado,,,"Approximate, from ZIP 80904 (HD 18)",Mobilize,https://www.mobilize.us/coloradodemocraticparty/event/990802/,990802,6462017
2B,John Jerrald,2026-10-27,Tue,1:00 PM – 5:00 PM,"SD 11 Coordinated Phonebank | HD 17, HD 15 (Virtual)",Phone bank,Virtual,Public,Phone Bank; Get out the Vote,Virtual,Colorado Springs,80916,,Colorado Democratic Party,,,,,,,"Title mentions HD 17, HD 15",Mobilize,https://www.mobilize.us/coloradodemocraticparty/event/1047299/,1047299,6521804
2A,Stephanie Bowman,2026-10-27,Tue,1:00 PM – 5:00 PM,SD 9 Coordinated Phonebank | HD 14 (Virtual),Phone bank,Virtual,Public,Phone Bank; Get out the Vote,Virtual,Colorado Springs,80910,,Colorado Democratic Party,,,,,,,Title mentions HD 14,Mobilize,https://www.mobilize.us/coloradodemocraticparty/event/1051191/,1051191,6541223
2B,John Jerrald,2026-10-27,Tue,3:00 PM – 6:00 PM,Weekday Canvassing for Killin,Canvass,In person,Public,,"Colorado Springs, CO 80904 (address private until signup)",Colorado Springs,80904,,Killin for Colorado,,,,Killin for Colorado,,,"Approximate, from ZIP 80904 (HD 18)",Mobilize,https://www.mobilize.us/coloradodemocraticparty/event/990802/,990802,6462018
1A,Emile Smith,2026-10-27,Tue,4:00 PM – 7:00 PM,"Make Calls, Win Colorado: CDP Phone Bank at Team Phil HQ",Phone bank,In person,Public,Denver; Coordinated Campaign; Phone Bank,"3840 York St · Denver, CO 80205",Denver,80205,,Colorado Democratic Party,,,,,,,Event address (HD 8),Mobilize,https://www.mobilize.us/coloradodemocraticparty/event/1050901/,1050901,6539966
2B,John Jerrald,2026-10-27,Tue,5:00 PM – 9:00 PM,"SD 11 Coordinated Phonebank | HD 17, HD 15 (Virtual)",Phone bank,Virtual,Public,Phone Bank; Get out the Vote,Virtual,Colorado Springs,80916,,Colorado Democratic Party,,,,,,,"Title mentions HD 17, HD 15",Mobilize,https://www.mobilize.us/coloradodemocraticparty/event/1047299/,1047299,6521840
2A,Stephanie Bowman,2026-10-27,Tue,5:00 PM – 9:00 PM,SD 9 Coordinated Phonebank | HD 14 (Virtual),Phone bank,Virtual,Public,Phone Bank; Get out the Vote,Virtual,Colorado Springs,80910,,Colorado Democratic Party,,,,,,,Title mentions HD 14,Mobilize,https://www.mobilize.us/coloradodemocraticparty/event/1051191/,1051191,6541226
2B,John Jerrald,2026-10-27,Tue,5:00 PM – 8:00 PM,Weekday Canvassing for Killin,Canvass,In person,Public,,"Colorado Springs, CO 80904 (address private until signup)",Colorado Springs,80904,,Killin for Colorado,,,,Killin for Colorado,,,"Approximate, from ZIP 80904 (HD 18)",Mobilize,https://www.mobilize.us/coloradodemocraticparty/event/990802/,990802,6462019
4,,2026-10-27,Tue,5:30 PM – 7:30 PM,Canvass with Team Manny (Thornton),Canvass,In person,Public,,"Thornton, CO 80260 (address private until signup)",Thornton,80260,,Manny Rutinel for Congress,,,,Manny Rutinel for Congress,,,"Approximate, from ZIP 80260 (HD 31), CD-8 Adams",Mobilize,https://www.mobilize.us/coloradodemocraticparty/event/989322/,989322,6485434
D,,2026-10-27,Tue,5:30 PM – 8:00 PM,Colorado Coordinated Campaign Phone Bank (Distributed),Phone bank,Virtual,Public,,Virtual,,,,Colorado Democratic Party,,,,,,,Virtual event,Mobilize,https://www.mobilize.us/coloradodemocraticparty/event/1055961/,1055961,6578173
D,,2026-10-27,Tue,5:30 PM – 8:00 PM,Colorado Coordinated Campaign Phone Bank (Region 1: Denver Metro),Phone bank,Virtual,Public,,Virtual,,,,Colorado Democratic Party,,,,,,,Virtual event,Mobilize,https://www.mobilize.us/coloradodemocraticparty/event/1055970/,1055970,6578218
D,,2026-10-27,Tue,5:30 PM – 8:00 PM,Colorado Coordinated Campaign Phone Bank (Region 3: CD-3),Phone bank,Virtual,Public,,Virtual,,,,Colorado Democratic Party,,,,,,,Virtual event,Mobilize,https://www.mobilize.us/coloradodemocraticparty/event/1055979/,1055979,6578245
D,,2026-10-27,Tue,6:00 PM – 8:00 PM,Weekday Phonebanking for Killin for Colorado,Phone bank,Virtual,Public,,Virtual,,,,Killin for Colorado,,,,Killin for Colorado,,,Virtual event,Mobilize,https://www.mobilize.us/coloradodemocraticparty/event/991780/,991780,6165991
D,,2026-10-28,Wed,12:00 AM – 11:59 PM,Volunteer Interest Form,Community,Virtual,Public,,Virtual,,,https://forms.gle/eWVSJ1Jt2ENrUxoo6,Killin for Colorado,,,,Killin for Colorado,,,Virtual event,Mobilize,https://www.mobilize.us/coloradodemocraticparty/event/896962/,896962,5773021
D,,2026-10-28,Wed,10:00 AM – 3:00 PM,"Monday, Wednesday, and Friday Coordinated Phonebank EPCO",Phone bank,Virtual,Public,Phone Bank; Get out the Vote,Virtual,Colorado Springs,80909,,Colorado Democratic Party,,,,,,,Virtual event,Mobilize,https://www.mobilize.us/coloradodemocraticparty/event/1044055/,1044055,6510021
2B,John Jerrald,2026-10-28,Wed,11:00 AM – 5:00 PM,Yard Sign Pick-Up,Meeting,In person,Public,,"Colorado Springs, CO 80904 (address private until signup)",Colorado Springs,80904,,Killin for Colorado,,,,Killin for Colorado,,,"Approximate, from ZIP 80904 (HD 18)",Mobilize,https://www.mobilize.us/coloradodemocraticparty/event/1002185/,1002185,6518824
2B,John Jerrald,2026-10-28,Wed,12:00 PM – 3:00 PM,Weekday Canvassing for Killin,Canvass,In person,Public,,"Colorado Springs, CO 80904 (address private until signup)",Colorado Springs,80904,,Killin for Colorado,,,,Killin for Colorado,,,"Approximate, from ZIP 80904 (HD 18)",Mobilize,https://www.mobilize.us/coloradodemocraticparty/event/990802/,990802,6462000
2B,John Jerrald,2026-10-28,Wed,1:00 PM – 5:00 PM,"SD 11 Coordinated Phonebank | HD 17, HD 15 (Virtual)",Phone bank,Virtual,Public,Phone Bank; Get out the Vote,Virtual,Colorado Springs,80916,,Colorado Democratic Party,,,,,,,"Title mentions HD 17, HD 15",Mobilize,https://www.mobilize.us/coloradodemocraticparty/event/1047299/,1047299,6521805
2A,Stephanie Bowman,2026-10-28,Wed,1:00 PM – 5:00 PM,SD 9 Coordinated Phonebank | HD 14 (Virtual),Phone bank,Virtual,Public,Phone Bank; Get out the Vote,Virtual,Colorado Springs,80910,,Colorado Democratic Party,,,,,,,Title mentions HD 14,Mobilize,https://www.mobilize.us/coloradodemocraticparty/event/1051190/,1051190,6541215
2A,Stephanie Bowman,2026-10-28,Wed,1:00 PM – 5:00 PM,SD 9 Coordinated Phonebank | HD 14 (Virtual),Phone bank,Virtual,Public,Phone Bank; Get out the Vote,Virtual,Colorado Springs,80910,,Colorado Democratic Party,,,,,,,Title mentions HD 14,Mobilize,https://www.mobilize.us/coloradodemocraticparty/event/1051191/,1051191,6541228
2B,John Jerrald,2026-10-28,Wed,3:00 PM – 6:00 PM,Weekday Canvassing for Killin,Canvass,In person,Public,,"Colorado Springs, CO 80904 (address private until signup)",Colorado Springs,80904,,Killin for Colorado,,,,Killin for Colorado,,,"Approximate, from ZIP 80904 (HD 18)",Mobilize,https://www.mobilize.us/coloradodemocraticparty/event/990802/,990802,6462002
1B,Faraj Atwi,2026-10-28,Wed,4:00 PM – 6:00 PM,Coffee Canvass Launch at Lost Coffee,Canvass,In person,Public,Phone Bank; Canvass; Get out the Vote,"Lost Coffee · 50 Springer Dr · Highlands Ranch, CO 80129",Highlands Ranch,80129,,Colorado Democratic Party,,,,,,,Event address (HD 43),Mobilize,https://www.mobilize.us/coloradodemocraticparty/event/1050743/,1050743,6539158
D,,2026-10-28,Wed,5:00 PM – 8:00 PM,"Monday, Wednesday, and Friday Coordinated Phonebank EPCO",Phone bank,Virtual,Public,Phone Bank; Get out the Vote,Virtual,Colorado Springs,80909,,Colorado Democratic Party,,,,,,,Virtual event,Mobilize,https://www.mobilize.us/coloradodemocraticparty/event/1044055/,1044055,6503205
2B,John Jerrald,2026-10-28,Wed,5:00 PM – 9:00 PM,"SD 11 Coordinated Phonebank | HD 17, HD 15 (Virtual)",Phone bank,Virtual,Public,Phone Bank; Get out the Vote,Virtual,Colorado Springs,80916,,Colorado Democratic Party,,,,,,,"Title mentions HD 17, HD 15",Mobilize,https://www.mobilize.us/coloradodemocraticparty/event/1047299/,1047299,6521841
2A,Stephanie Bowman,2026-10-28,Wed,5:00 PM – 9:00 PM,SD 9 Coordinated Phonebank | HD 14 (Virtual),Phone bank,Virtual,Public,Phone Bank; Get out the Vote,Virtual,Colorado Springs,80910,,Colorado Democratic Party,,,,,,,Title mentions HD 14,Mobilize,https://www.mobilize.us/coloradodemocraticparty/event/1051190/,1051190,6541217
2A,Stephanie Bowman,2026-10-28,Wed,5:00 PM – 9:00 PM,SD 9 Coordinated Phonebank | HD 14 (Virtual),Phone bank,Virtual,Public,Phone Bank; Get out the Vote,Virtual,Colorado Springs,80910,,Colorado Democratic Party,,,,,,,Title mentions HD 14,Mobilize,https://www.mobilize.us/coloradodemocraticparty/event/1051191/,1051191,6541229
2B,John Jerrald,2026-10-28,Wed,5:00 PM – 8:00 PM,Weekday Canvassing for Killin,Canvass,In person,Public,,"Colorado Springs, CO 80904 (address private until signup)",Colorado Springs,80904,,Killin for Colorado,,,,Killin for Colorado,,,"Approximate, from ZIP 80904 (HD 18)",Mobilize,https://www.mobilize.us/coloradodemocraticparty/event/990802/,990802,6462004
D,,2026-10-28,Wed,5:00 PM – 7:00 PM,Weekday Phonebanking for Killin for Colorado,Phone bank,Virtual,Public,,Virtual,,,,Killin for Colorado,,,,Killin for Colorado,,,Virtual event,Mobilize,https://www.mobilize.us/coloradodemocraticparty/event/991780/,991780,6166005
3A,Keith Pierce,2026-10-28,Wed,5:30 PM – 7:00 PM,"Grand Junction Phone Banking for Brittni Packard, Mallory Martin, and Dwayne Romero",Phone bank,In person,Public,Mesa County; Dwayne Romero; Phone Bank,"Office of Mallory Martin and Brittni Packard for HD 54/55 · 715 Horizon Dr · Grand Junction, CO 81506",Grand Junction,81506,,Colorado Democratic Party,,,,,,,Event address (HD 55),Mobilize,https://www.mobilize.us/coloradodemocraticparty/event/1054949/,1054949,6573165
D,,2026-10-28,Wed,6:00 PM – 8:00 PM,Phone Bank with Team Manny,Phone bank,Virtual,Public,,Virtual,,,,Manny Rutinel for Congress,,,,Manny Rutinel for Congress,,,Virtual event,Mobilize,https://www.mobilize.us/coloradodemocraticparty/event/991415/,991415,6164179
D,,2026-10-29,Thu,12:00 AM – 11:59 PM,Volunteer Interest Form,Community,Virtual,Public,,Virtual,,,https://forms.gle/eWVSJ1Jt2ENrUxoo6,Killin for Colorado,,,,Killin for Colorado,,,Virtual event,Mobilize,https://www.mobilize.us/coloradodemocraticparty/event/896962/,896962,5773022
2B,John Jerrald,2026-10-29,Thu,11:00 AM – 5:00 PM,Yard Sign Pick-Up,Meeting,In person,Public,,"Colorado Springs, CO 80904 (address private until signup)",Colorado Springs,80904,,Killin for Colorado,,,,Killin for Colorado,,,"Approximate, from ZIP 80904 (HD 18)",Mobilize,https://www.mobilize.us/coloradodemocraticparty/event/1002185/,1002185,6518825
2B,John Jerrald,2026-10-29,Thu,12:00 PM – 3:00 PM,Weekday Canvassing for Killin,Canvass,In person,Public,,"Colorado Springs, CO 80904 (address private until signup)",Colorado Springs,80904,,Killin for Colorado,,,,Killin for Colorado,,,"Approximate, from ZIP 80904 (HD 18)",Mobilize,https://www.mobilize.us/coloradodemocraticparty/event/990802/,990802,6462006
2B,John Jerrald,2026-10-29,Thu,1:00 PM – 5:00 PM,"SD 11 Coordinated Phonebank | HD 17, HD 15 (Virtual)",Phone bank,Virtual,Public,Phone Bank; Get out the Vote,Virtual,Colorado Springs,80916,,Colorado Democratic Party,,,,,,,"Title mentions HD 17, HD 15",Mobilize,https://www.mobilize.us/coloradodemocraticparty/event/1047299/,1047299,6521806
2A,Stephanie Bowman,2026-10-29,Thu,1:00 PM – 5:00 PM,SD 9 Coordinated Phonebank | HD 14 (Virtual),Phone bank,Virtual,Public,Phone Bank; Get out the Vote,Virtual,Colorado Springs,80910,,Colorado Democratic Party,,,,,,,Title mentions HD 14,Mobilize,https://www.mobilize.us/coloradodemocraticparty/event/1051190/,1051190,6541218
2A,Stephanie Bowman,2026-10-29,Thu,1:00 PM – 5:00 PM,SD 9 Coordinated Phonebank | HD 14 (Virtual),Phone bank,Virtual,Public,Phone Bank; Get out the Vote,Virtual,Colorado Springs,80910,,Colorado Democratic Party,,,,,,,Title mentions HD 14,Mobilize,https://www.mobilize.us/coloradodemocraticparty/event/1051191/,1051191,6541233
2B,John Jerrald,2026-10-29,Thu,3:00 PM – 6:00 PM,Weekday Canvassing for Killin,Canvass,In person,Public,,"Colorado Springs, CO 80904 (address private until signup)",Colorado Springs,80904,,Killin for Colorado,,,,Killin for Colorado,,,"Approximate, from ZIP 80904 (HD 18)",Mobilize,https://www.mobilize.us/coloradodemocraticparty/event/990802/,990802,6462008
1B,Faraj Atwi,2026-10-29,Thu,4:00 PM – 7:00 PM,GOTV Canvass Launch with Eliza Hamrick (HD61) & Tom Sullivan (SD27),Canvass,In person,Public,Canvass; Get out the Vote,"Centennial, CO 80016 (address private until signup)",Centennial,80016,,Colorado Democratic Party,,,,,,,"Approximate, from ZIP 80016 (HD 61)",Mobilize,https://www.mobilize.us/coloradodemocraticparty/event/1049058/,1049058,6591832
1A,Emile Smith,2026-10-29,Thu,4:00 PM – 7:00 PM,"Make Calls, Win Colorado: CDP Phone Bank at Team Phil HQ",Phone bank,In person,Public,Denver; Coordinated Campaign; Phone Bank,"3840 York St · Denver, CO 80205",Denver,80205,,Colorado Democratic Party,,,,,,,Event address (HD 8),Mobilize,https://www.mobilize.us/coloradodemocraticparty/event/1050901/,1050901,6539971
2B,John Jerrald,2026-10-29,Thu,5:00 PM – 9:00 PM,"SD 11 Coordinated Phonebank | HD 17, HD 15 (Virtual)",Phone bank,Virtual,Public,Phone Bank; Get out the Vote,Virtual,Colorado Springs,80916,,Colorado Democratic Party,,,,,,,"Title mentions HD 17, HD 15",Mobilize,https://www.mobilize.us/coloradodemocraticparty/event/1047299/,1047299,6521842
2A,Stephanie Bowman,2026-10-29,Thu,5:00 PM – 9:00 PM,SD 9 Coordinated Phonebank | HD 14 (Virtual),Phone bank,Virtual,Public,Phone Bank; Get out the Vote,Virtual,Colorado Springs,80910,,Colorado Democratic Party,,,,,,,Title mentions HD 14,Mobilize,https://www.mobilize.us/coloradodemocraticparty/event/1051190/,1051190,6541220
2A,Stephanie Bowman,2026-10-29,Thu,5:00 PM – 9:00 PM,SD 9 Coordinated Phonebank | HD 14 (Virtual),Phone bank,Virtual,Public,Phone Bank; Get out the Vote,Virtual,Colorado Springs,80910,,Colorado Democratic Party,,,,,,,Title mentions HD 14,Mobilize,https://www.mobilize.us/coloradodemocraticparty/event/1051191/,1051191,6541234
2B,John Jerrald,2026-10-29,Thu,5:00 PM – 8:00 PM,Weekday Canvassing for Killin,Canvass,In person,Public,,"Colorado Springs, CO 80904 (address private until signup)",Colorado Springs,80904,,Killin for Colorado,,,,Killin for Colorado,,,"Approximate, from ZIP 80904 (HD 18)",Mobilize,https://www.mobilize.us/coloradodemocraticparty/event/990802/,990802,6462010
4,,2026-10-29,Thu,5:30 PM – 7:30 PM,Canvass with Team Manny (Thornton),Canvass,In person,Public,,"Thornton, CO 80260 (address private until signup)",Thornton,80260,,Manny Rutinel for Congress,,,,Manny Rutinel for Congress,,,"Approximate, from ZIP 80260 (HD 31), CD-8 Adams",Mobilize,https://www.mobilize.us/coloradodemocraticparty/event/989322/,989322,6405392
D,,2026-10-29,Thu,5:30 PM – 8:00 PM,Colorado Coordinated Campaign Phone Bank (Distributed),Phone bank,Virtual,Public,,Virtual,,,,Colorado Democratic Party,,,,,,,Virtual event,Mobilize,https://www.mobilize.us/coloradodemocraticparty/event/1055961/,1055961,6578174
D,,2026-10-29,Thu,5:30 PM – 8:00 PM,Colorado Coordinated Campaign Phone Bank (Region 1: Denver Metro),Phone bank,Virtual,Public,,Virtual,,,,Colorado Democratic Party,,,,,,,Virtual event,Mobilize,https://www.mobilize.us/coloradodemocraticparty/event/1055970/,1055970,6578219
D,,2026-10-29,Thu,5:30 PM – 8:00 PM,Colorado Coordinated Campaign Phone Bank (Region 3: CD-3),Phone bank,Virtual,Public,,Virtual,,,,Colorado Democratic Party,,,,,,,Virtual event,Mobilize,https://www.mobilize.us/coloradodemocraticparty/event/1055979/,1055979,6578246
D,,2026-10-30,Fri,12:00 AM – 11:59 PM,Volunteer Interest Form,Community,Virtual,Public,,Virtual,,,https://forms.gle/eWVSJ1Jt2ENrUxoo6,Killin for Colorado,,,,Killin for Colorado,,,Virtual event,Mobilize,https://www.mobilize.us/coloradodemocraticparty/event/896962/,896962,5773023
1A,Emile Smith,2026-10-30,Fri,10:00 AM – 6:00 PM,Get Out The Vote | Coordinated Canvass Launch In Westminster,Canvass,In person,Public,,"Nottingham Park · 8695 Allison St · Westminster, CO 80005",Westminster,80005,,Colorado Democratic Party,,,,,,,Event address (HD 29),Mobilize,https://www.mobilize.us/coloradodemocraticparty/event/1055365/,1055365,6575608
D,,2026-10-30,Fri,10:00 AM – 3:00 PM,"Monday, Wednesday, and Friday Coordinated Phonebank EPCO",Phone bank,Virtual,Public,Phone Bank; Get out the Vote,Virtual,Colorado Springs,80909,,Colorado Democratic Party,,,,,,,Virtual event,Mobilize,https://www.mobilize.us/coloradodemocraticparty/event/1044055/,1044055,6510027
1B,Faraj Atwi,2026-10-30,Fri,10:00 AM – 6:00 PM,SD30 Kevin Leung GOTV Canvass Launch,Canvass,In person,Public,Canvass; Get out the Vote,"Highlands Ranch · Littleton, CO 80163",Littleton,80163,,Colorado Democratic Party,,,,,,,Event address (HD 43),Mobilize,https://www.mobilize.us/coloradodemocraticparty/event/1058937/,1058937,6593043
2B,John Jerrald,2026-10-30,Fri,11:00 AM – 5:00 PM,Yard Sign Pick-Up,Meeting,In person,Public,,"Colorado Springs, CO 80904 (address private until signup)",Colorado Springs,80904,,Killin for Colorado,,,,Killin for Colorado,,,"Approximate, from ZIP 80904 (HD 18)",Mobilize,https://www.mobilize.us/coloradodemocraticparty/event/1002185/,1002185,6518826
2B,John Jerrald,2026-10-30,Fri,12:00 PM – 3:00 PM,Weekday Canvassing for Killin,Canvass,In person,Public,,"Colorado Springs, CO 80904 (address private until signup)",Colorado Springs,80904,,Killin for Colorado,,,,Killin for Colorado,,,"Approximate, from ZIP 80904 (HD 18)",Mobilize,https://www.mobilize.us/coloradodemocraticparty/event/990802/,990802,6462012
4,,2026-10-30,Fri,1:00 PM – 7:00 PM,Billionaire Bash: A Get Out the Vote Halloween Party Hosted by the Colorado Young Democrats,Canvass,In person,Public,Adams County; GOTV; Canvass,"E.B. Rains Jr. Memorial Park · 11701 Community Center Dr · Northglenn, CO 80233",Northglenn,80233,,Colorado Democratic Party,,,,,,,"Event address (HD 34), CD-8 Adams",Mobilize,https://www.mobilize.us/coloradodemocraticparty/event/1053690/,1053690,6563849
1A,Emile Smith,2026-10-30,Fri,1:00 PM – 3:00 PM,Community Conversation | Coffee with the CDP | Canvass Launch,Canvass,In person,Public,,"Tonantzin Cafe · 910 Santa Fe Dr · Denver, CO 80204",Denver,80204,,Colorado Democratic Party,,,,,,,Event address (HD 5),Mobilize,https://www.mobilize.us/coloradodemocraticparty/event/1054291/,1054291,6567519
2B,John Jerrald,2026-10-30,Fri,1:00 PM – 5:00 PM,"SD 11 Coordinated Phonebank | HD 17, HD 15 (Virtual)",Phone bank,Virtual,Public,Phone Bank; Get out the Vote,Virtual,Colorado Springs,80916,,Colorado Democratic Party,,,,,,,"Title mentions HD 17, HD 15",Mobilize,https://www.mobilize.us/coloradodemocraticparty/event/1047299/,1047299,6521807
2A,Stephanie Bowman,2026-10-30,Fri,1:00 PM – 5:00 PM,SD 9 Coordinated Phonebank | HD 14 (Virtual),Phone bank,Virtual,Public,Phone Bank; Get out the Vote,Virtual,Colorado Springs,80910,,Colorado Democratic Party,,,,,,,Title mentions HD 14,Mobilize,https://www.mobilize.us/coloradodemocraticparty/event/1051190/,1051190,6541222
2A,Stephanie Bowman,2026-10-30,Fri,1:00 PM – 5:00 PM,SD 9 Coordinated Phonebank | HD 14 (Virtual),Phone bank,Virtual,Public,Phone Bank; Get out the Vote,Virtual,Colorado Springs,80910,,Colorado Democratic Party,,,,,,,Title mentions HD 14,Mobilize,https://www.mobilize.us/coloradodemocraticparty/event/1051191/,1051191,6541235
2B,John Jerrald,2026-10-30,Fri,3:00 PM – 6:00 PM,Weekday Canvassing for Killin,Canvass,In person,Public,,"Colorado Springs, CO 80904 (address private until signup)",Colorado Springs,80904,,Killin for Colorado,,,,Killin for Colorado,,,"Approximate, from ZIP 80904 (HD 18)",Mobilize,https://www.mobilize.us/coloradodemocraticparty/event/990802/,990802,6462014
D,,2026-10-30,Fri,5:00 PM – 8:00 PM,"Monday, Wednesday, and Friday Coordinated Phonebank EPCO",Phone bank,Virtual,Public,Phone Bank; Get out the Vote,Virtual,Colorado Springs,80909,,Colorado Democratic Party,,,,,,,Virtual event,Mobilize,https://www.mobilize.us/coloradodemocraticparty/event/1044055/,1044055,6503210
2B,John Jerrald,2026-10-30,Fri,5:00 PM – 9:00 PM,"SD 11 Coordinated Phonebank | HD 17, HD 15 (Virtual)",Phone bank,Virtual,Public,Phone Bank; Get out the Vote,Virtual,Colorado Springs,80916,,Colorado Democratic Party,,,,,,,"Title mentions HD 17, HD 15",Mobilize,https://www.mobilize.us/coloradodemocraticparty/event/1047299/,1047299,6521843
2A,Stephanie Bowman,2026-10-30,Fri,5:00 PM – 9:00 PM,SD 9 Coordinated Phonebank | HD 14 (Virtual),Phone bank,Virtual,Public,Phone Bank; Get out the Vote,Virtual,Colorado Springs,80910,,Colorado Democratic Party,,,,,,,Title mentions HD 14,Mobilize,https://www.mobilize.us/coloradodemocraticparty/event/1051190/,1051190,6541224
2A,Stephanie Bowman,2026-10-30,Fri,5:00 PM – 9:00 PM,SD 9 Coordinated Phonebank | HD 14 (Virtual),Phone bank,Virtual,Public,Phone Bank; Get out the Vote,Virtual,Colorado Springs,80910,,Colorado Democratic Party,,,,,,,Title mentions HD 14,Mobilize,https://www.mobilize.us/coloradodemocraticparty/event/1051191/,1051191,6541236
2B,John Jerrald,2026-10-30,Fri,5:00 PM – 8:00 PM,Weekday Canvassing for Killin,Canvass,In person,Public,,"Colorado Springs, CO 80904 (address private until signup)",Colorado Springs,80904,,Killin for Colorado,,,,Killin for Colorado,,,"Approximate, from ZIP 80904 (HD 18)",Mobilize,https://www.mobilize.us/coloradodemocraticparty/event/990802/,990802,6462016
D,,2026-10-31,Sat,12:00 AM – 11:59 PM,Volunteer Interest Form,Community,Virtual,Public,,Virtual,,,https://forms.gle/eWVSJ1Jt2ENrUxoo6,Killin for Colorado,,,,Killin for Colorado,,,Virtual event,Mobilize,https://www.mobilize.us/coloradodemocraticparty/event/896962/,896962,5773024
3A,Keith Pierce,2026-10-31,Sat,9:00 AM – 3:00 PM,Get Out The Vote (GOTV) With Katie Stewart HD - 59,Canvass,In person,Public,,"Claire Viles Park · 245 E Park Ave · Durango, CO 81301",Durango,81301,,Colorado Democratic Party,,,,,,,Event address (HD 59),Mobilize,https://www.mobilize.us/coloradodemocraticparty/event/1024408/,1024408,6370584
1A,Emile Smith,2026-10-31,Sat,9:00 AM – 12:00 PM,Get Out The Vote | Coordinated Canvass Launch In HD-6,Canvass,In person,Public,,"Congress Park · 850 Josephine St · Denver, CO 80206",Denver,80206,,Colorado Democratic Party,,,,,,,Event address (HD 6),Mobilize,https://www.mobilize.us/coloradodemocraticparty/event/1055369/,1055369,6575627
1A,Emile Smith,2026-10-31,Sat,9:00 AM – 12:00 PM,Get Out The Vote | Coordinated Canvass Launch In North Jefferson County,Canvass,In person,Public,,"TBD · Littleton, CO 80123",Littleton,80123,,Colorado Democratic Party,,,,,,,Event address (HD 1),Mobilize,https://www.mobilize.us/coloradodemocraticparty/event/1058296/,1058296,6590482
3B,Garrett Kelley,2026-10-31,Sat,9:00 AM – 11:00 AM,Pueblo Democrats Weekly Saturday Morning Canvass,Canvass,In person,Public,,"Pueblo Democrats HQ · 602 W 9th St · Pueblo, CO 81003",Pueblo,81003,,Colorado Democratic Party,,,,,,,Event address (HD 46),Mobilize,https://www.mobilize.us/coloradodemocraticparty/event/1034164/,1034164,6440091
2B,John Jerrald,2026-10-31,Sat,9:00 AM – 12:00 PM,Weekend Canvassing for Killin: COS,Canvass,In person,Public,,"Colorado Springs, CO 80904 (address private until signup)",Colorado Springs,80904,,Killin for Colorado,,,,Killin for Colorado,,,"Approximate, from ZIP 80904 (HD 18)",Mobilize,https://www.mobilize.us/coloradodemocraticparty/event/942482/,942482,6461867
2C,Yvonne Weissbarth,2026-10-31,Sat,9:00 AM – 12:00 PM,Weekend Canvassing for Killin: Falcon,Canvass,In person,Public,,"Peyton, CO 80831 (address private until signup)",Peyton,80831,,Killin for Colorado,,,,Killin for Colorado,,,"Approximate, from ZIP 80831 (HD 56)",Mobilize,https://www.mobilize.us/coloradodemocraticparty/event/1052343/,1052343,6545371
2C,Yvonne Weissbarth,2026-10-31,Sat,9:00 AM – 12:00 PM,Weekend Canvassing for Killin: Monument,Canvass,In person,Public,,"Monument, CO 80132 (address private until signup)",Monument,80132,,Killin for Colorado,,,,Killin for Colorado,,,"Approximate, from ZIP 80132 (HD 20)",Mobilize,https://www.mobilize.us/coloradodemocraticparty/event/1052330/,1052330,6545300
2C,Yvonne Weissbarth,2026-10-31,Sat,9:00 AM – 12:00 PM,Weekend Canvassing for Killin: Widefield,Canvass,In person,Public,,"Fountain, CO 80817 (address private until signup)",Fountain,80817,,Killin for Colorado,,,,Killin for Colorado,,,"Approximate, from ZIP 80817 (HD 21)",Mobilize,https://www.mobilize.us/coloradodemocraticparty/event/1052339/,1052339,6545341
3A,Keith Pierce,2026-10-31,Sat,9:30 AM – 1:00 PM,Grand Junction Halloween Canvass,Canvass,In person,Public,Halloween; Mesa County; Canvass,"Mesa Dems Office · 310 N 7th St, Unit 2 · Grand Junction, CO 81501",Grand Junction,81501,,Colorado Democratic Party,,,,,,,Event address (HD 55),Mobilize,https://www.mobilize.us/coloradodemocraticparty/event/1054979/,1054979,6573574
4,,2026-10-31,Sat,10:00 AM – 1:00 PM,Canvass with Team Manny (Thornton),Canvass,In person,Public,,"Thornton, CO 80260 (address private until signup)",Thornton,80260,,Manny Rutinel for Congress,,,,Manny Rutinel for Congress,,,"Approximate, from ZIP 80260 (HD 31), CD-8 Adams",Mobilize,https://www.mobilize.us/coloradodemocraticparty/event/989322/,989322,6154727
2B,John Jerrald,2026-10-31,Sat,10:00 AM – 12:00 PM,GOTV - Coordinated Campaign Canvas in El Paso County,Canvass,In person,Public,Drivers; Canvass; Get out the Vote,"Colorado Springs, CO 80909 (address private until signup)",Colorado Springs,80909,,Colorado Democratic Party,,,,,,,"Approximate, from ZIP 80909 (HD 16)",Mobilize,https://www.mobilize.us/coloradodemocraticparty/event/1039398/,1039398,6472285
1B,Faraj Atwi,2026-10-31,Sat,10:00 AM – 12:00 PM,GOTV Canvass Launch with Eliza Hamrick (HD61) & Tom Sullivan (SD27),Canvass,In person,Public,Canvass; Get out the Vote,"Centennial, CO 80016 (address private until signup)",Centennial,80016,,Colorado Democratic Party,,,,,,,"Approximate, from ZIP 80016 (HD 61)",Mobilize,https://www.mobilize.us/coloradodemocraticparty/event/1049058/,1049058,6531322
1A,Emile Smith,2026-10-31,Sat,10:00 AM – 2:00 PM,Get Out The Vote | Coordinated Canvass Launch In Lakewood,Canvass,In person,Public,,"Addenbrooke Park · 600 S Kipling St · Lakewood, CO 80226",Lakewood,80226,,Colorado Democratic Party,,,,,,,Event address (HD 23),Mobilize,https://www.mobilize.us/coloradodemocraticparty/event/1055366/,1055366,6575624
4,,2026-10-31,Sat,10:00 AM – 12:30 PM,Get Out the Vote with Team Manny! (Thornton),Canvass,In person,Public,,"Denver, CO 80260 (address private until signup)",Denver,80260,,Manny Rutinel for Congress,,,,Manny Rutinel for Congress,,,"Approximate, from ZIP 80260 (HD 31), CD-8 Adams",Mobilize,https://www.mobilize.us/coloradodemocraticparty/event/1055065/,1055065,6574039
D,,2026-10-31,Sat,10:00 AM – 1:00 PM,Halloween Canvass Launch with Janice Marchman- Sat Oct 31,Canvass,In person,Public,,"Benson Sculpture Garden · 1125 W 29th St · Loveland, CO 80538",Loveland,80538,,Colorado Democratic Party,,,,,,,"Event address (HD 51), outside regional turf",Mobilize,https://www.mobilize.us/coloradodemocraticparty/event/1056926/,1056926,6582525
1B,Faraj Atwi,2026-10-31,Sat,10:00 AM – 2:00 PM,SD-30 Halloween Kevin Leung GOTV Canvass Launch,Canvass,In person,Public,Canvass; Get out the Vote,"Highlands Ranch · Littleton, CO 80163",Littleton,80163,,Colorado Democratic Party,,,,,,,Event address (HD 43),Mobilize,https://www.mobilize.us/coloradodemocraticparty/event/1058939/,1058939,6593046
2B,John Jerrald,2026-10-31,Sat,10:00 AM – 12:00 PM,Sen. Exum SD 11 & Rep. Dr. English HD 17 | Colorado Springs Canvass,Canvass,In person,Public,Canvass; Get out the Vote,"2054 Jetwing Dr. , Colorado Springs, CO, United States, 80916 · 2054 Jet Wing Dr · Colorado Springs, CO 80916",Colorado Springs,80916,,Colorado Democratic Party,,,,,,,Event address (HD 17),Mobilize,https://www.mobilize.us/coloradodemocraticparty/event/1045785/,1045785,6513587
4,,2026-10-31,Sat,11:00 AM – 2:00 PM,Knock Doors with Team Manny Greeley with Tommy Butler for HD 50!,Canvass,In person,Public,,"Greeley, CO 80631 (address private until signup)",Greeley,80631,,Colorado Democratic Party,,,,,,,"Approximate, from ZIP 80631 (HD 50), CD-8 Weld",Mobilize,https://www.mobilize.us/coloradodemocraticparty/event/1039390/,1039390,6472246
3B,Garrett Kelley,2026-10-31,Sat,11:00 AM – 1:00 PM,Pueblo Democrats Weekly Saturday Morning Canvass,Canvass,In person,Public,,"Pueblo Democrats HQ · 602 W 9th St · Pueblo, CO 81003",Pueblo,81003,,Colorado Democratic Party,,,,,,,Event address (HD 46),Mobilize,https://www.mobilize.us/coloradodemocraticparty/event/1034164/,1034164,6440112
2B,John Jerrald,2026-10-31,Sat,11:00 AM – 5:00 PM,Yard Sign Pick-Up,Meeting,In person,Public,,"Colorado Springs, CO 80904 (address private until signup)",Colorado Springs,80904,,Killin for Colorado,,,,Killin for Colorado,,,"Approximate, from ZIP 80904 (HD 18)",Mobilize,https://www.mobilize.us/coloradodemocraticparty/event/1002185/,1002185,6518827
4,,2026-10-31,Sat,12:00 PM – 2:30 PM,Canvass with Team Manny (Thornton),Canvass,In person,Public,,"Thornton, CO 80260 (address private until signup)",Thornton,80260,,Manny Rutinel for Congress,,,,Manny Rutinel for Congress,,,"Approximate, from ZIP 80260 (HD 31), CD-8 Adams",Mobilize,https://www.mobilize.us/coloradodemocraticparty/event/989322/,989322,6574109
2B,John Jerrald,2026-10-31,Sat,12:00 PM – 2:00 PM,GOTV - Coordinated Campaign Canvas in El Paso County,Canvass,In person,Public,Drivers; Canvass; Get out the Vote,"Colorado Springs, CO 80909 (address private until signup)",Colorado Springs,80909,,Colorado Democratic Party,,,,,,,"Approximate, from ZIP 80909 (HD 16)",Mobilize,https://www.mobilize.us/coloradodemocraticparty/event/1039398/,1039398,6472291
1A,Emile Smith,2026-10-31,Sat,12:00 PM – 3:00 PM,Get Out The Vote | Coordinated Canvass Launch In North Jefferson County,Canvass,In person,Public,,"TBD · Littleton, CO 80123",Littleton,80123,,Colorado Democratic Party,,,,,,,Event address (HD 1),Mobilize,https://www.mobilize.us/coloradodemocraticparty/event/1058296/,1058296,6590483
4,,2026-10-31,Sat,12:00 PM – 2:30 PM,Get Out the Vote with Team Manny! (Thornton),Canvass,In person,Public,,"Denver, CO 80260 (address private until signup)",Denver,80260,,Manny Rutinel for Congress,,,,Manny Rutinel for Congress,,,"Approximate, from ZIP 80260 (HD 31), CD-8 Adams",Mobilize,https://www.mobilize.us/coloradodemocraticparty/event/1055065/,1055065,6574043
2B,John Jerrald,2026-10-31,Sat,12:00 PM – 2:00 PM,Sen. Exum SD 11 & Rep. Dr. English HD 17 | Colorado Springs Canvass,Canvass,In person,Public,Canvass; Get out the Vote,"2054 Jetwing Dr. , Colorado Springs, CO, United States, 80916 · 2054 Jet Wing Dr · Colorado Springs, CO 80916",Colorado Springs,80916,,Colorado Democratic Party,,,,,,,Event address (HD 17),Mobilize,https://www.mobilize.us/coloradodemocraticparty/event/1045785/,1045785,6513592
2B,John Jerrald,2026-10-31,Sat,12:00 PM – 3:00 PM,Weekend Canvassing for Killin: COS,Canvass,In person,Public,,"Colorado Springs, CO 80904 (address private until signup)",Colorado Springs,80904,,Killin for Colorado,,,,Killin for Colorado,,,"Approximate, from ZIP 80904 (HD 18)",Mobilize,https://www.mobilize.us/coloradodemocraticparty/event/942482/,942482,6461871
2C,Yvonne Weissbarth,2026-10-31,Sat,12:00 PM – 3:00 PM,Weekend Canvassing for Killin: Falcon,Canvass,In person,Public,,"Peyton, CO 80831 (address private until signup)",Peyton,80831,,Killin for Colorado,,,,Killin for Colorado,,,"Approximate, from ZIP 80831 (HD 56)",Mobilize,https://www.mobilize.us/coloradodemocraticparty/event/1052343/,1052343,6545372
2C,Yvonne Weissbarth,2026-10-31,Sat,12:00 PM – 3:00 PM,Weekend Canvassing for Killin: Monument,Canvass,In person,Public,,"Monument, CO 80132 (address private until signup)",Monument,80132,,Killin for Colorado,,,,Killin for Colorado,,,"Approximate, from ZIP 80132 (HD 20)",Mobilize,https://www.mobilize.us/coloradodemocraticparty/event/1052330/,1052330,6545301
2C,Yvonne Weissbarth,2026-10-31,Sat,12:00 PM – 3:00 PM,Weekend Canvassing for Killin: Widefield,Canvass,In person,Public,,"Fountain, CO 80817 (address private until signup)",Fountain,80817,,Killin for Colorado,,,,Killin for Colorado,,,"Approximate, from ZIP 80817 (HD 21)",Mobilize,https://www.mobilize.us/coloradodemocraticparty/event/1052339/,1052339,6545342
4,,2026-10-31,Sat,1:00 PM – 4:00 PM,Knock Doors with Team Manny Greeley with Tommy Butler for HD 50!,Canvass,In person,Public,,"Greeley, CO 80631 (address private until signup)",Greeley,80631,,Colorado Democratic Party,,,,,,,"Approximate, from ZIP 80631 (HD 50), CD-8 Weld",Mobilize,https://www.mobilize.us/coloradodemocraticparty/event/1039390/,1039390,6472252
2B,John Jerrald,2026-10-31,Sat,1:00 PM – 5:00 PM,"SD 11 Coordinated Phonebank | HD 17, HD 15 (Virtual)",Phone bank,Virtual,Public,Phone Bank; Get out the Vote,Virtual,Colorado Springs,80916,,Colorado Democratic Party,,,,,,,"Title mentions HD 17, HD 15",Mobilize,https://www.mobilize.us/coloradodemocraticparty/event/1047299/,1047299,6521808
2A,Stephanie Bowman,2026-10-31,Sat,1:00 PM – 5:00 PM,SD 9 Coordinated Phonebank | HD 14 (Virtual),Phone bank,Virtual,Public,Phone Bank; Get out the Vote,Virtual,Colorado Springs,80910,,Colorado Democratic Party,,,,,,,Title mentions HD 14,Mobilize,https://www.mobilize.us/coloradodemocraticparty/event/1051190/,1051190,6541225
2A,Stephanie Bowman,2026-10-31,Sat,1:00 PM – 5:00 PM,SD 9 Coordinated Phonebank | HD 14 (Virtual),Phone bank,Virtual,Public,Phone Bank; Get out the Vote,Virtual,Colorado Springs,80910,,Colorado Democratic Party,,,,,,,Title mentions HD 14,Mobilize,https://www.mobilize.us/coloradodemocraticparty/event/1051191/,1051191,6541237
2B,John Jerrald,2026-10-31,Sat,2:00 PM – 4:00 PM,GOTV - Coordinated Campaign Canvas in El Paso County,Canvass,In person,Public,Drivers; Canvass; Get out the Vote,"Colorado Springs, CO 80909 (address private until signup)",Colorado Springs,80909,,Colorado Democratic Party,,,,,,,"Approximate, from ZIP 80909 (HD 16)",Mobilize,https://www.mobilize.us/coloradodemocraticparty/event/1039398/,1039398,6472297
2B,John Jerrald,2026-10-31,Sat,2:00 PM – 4:00 PM,Sen. Exum SD 11 & Rep. Dr. English HD 17 | Colorado Springs Canvass,Canvass,In person,Public,Canvass; Get out the Vote,"2054 Jetwing Dr. , Colorado Springs, CO, United States, 80916 · 2054 Jet Wing Dr · Colorado Springs, CO 80916",Colorado Springs,80916,,Colorado Democratic Party,,,,,,,Event address (HD 17),Mobilize,https://www.mobilize.us/coloradodemocraticparty/event/1045785/,1045785,6513597
4,,2026-10-31,Sat,3:00 PM – 5:30 PM,Canvass with Team Manny (Thornton),Canvass,In person,Public,,"Thornton, CO 80260 (address private until signup)",Thornton,80260,,Manny Rutinel for Congress,,,,Manny Rutinel for Congress,,,"Approximate, from ZIP 80260 (HD 31), CD-8 Adams",Mobilize,https://www.mobilize.us/coloradodemocraticparty/event/989322/,989322,6574111
1A,Emile Smith,2026-10-31,Sat,3:00 PM – 5:00 PM,Get Out The Vote | Coordinated Canvass Launch In HD-9,Canvass,In person,Public,,"TBD · Denver, CO 80206",Denver,80206,,Colorado Democratic Party,,,,,,,Event address (HD 6),Mobilize,https://www.mobilize.us/coloradodemocraticparty/event/1055370/,1055370,6575629
1A,Emile Smith,2026-10-31,Sat,3:00 PM – 5:00 PM,Get Out The Vote | Coordinated Canvass Launch In South Jefferson County,Canvass,In person,Public,,"TBD · Littleton, CO 80123",Littleton,80123,,Colorado Democratic Party,,,,,,,Event address (HD 1),Mobilize,https://www.mobilize.us/coloradodemocraticparty/event/1058292/,1058292,6590457
4,,2026-10-31,Sat,3:00 PM – 5:30 PM,Get Out the Vote with Team Manny! (Thornton),Canvass,In person,Public,,"Denver, CO 80260 (address private until signup)",Denver,80260,,Manny Rutinel for Congress,,,,Manny Rutinel for Congress,,,"Approximate, from ZIP 80260 (HD 31), CD-8 Adams",Mobilize,https://www.mobilize.us/coloradodemocraticparty/event/1055065/,1055065,6574047
D,,2026-10-31,Sat,3:00 PM – 5:00 PM,Phone Bank with Team Manny,Phone bank,Virtual,Public,,Virtual,,,,Manny Rutinel for Congress,,,,Manny Rutinel for Congress,,,Virtual event,Mobilize,https://www.mobilize.us/coloradodemocraticparty/event/991415/,991415,6534363
D,,2026-10-31,Sat,3:00 PM – 5:30 PM,Phonebank for Dwayne!,Phone bank,Virtual,Public,Phonebank; Phone Bank; Phonebanking,Virtual,,,,Romero For Colorado,,,,Romero For Colorado,,,Virtual event,Mobilize,https://www.mobilize.us/coloradodemocraticparty/event/1033023/,1033023,6443205
2B,John Jerrald,2026-10-31,Sat,3:00 PM – 6:00 PM,Weekend Canvassing for Killin: COS,Canvass,In person,Public,,"Colorado Springs, CO 80904 (address private until signup)",Colorado Springs,80904,,Killin for Colorado,,,,Killin for Colorado,,,"Approximate, from ZIP 80904 (HD 18)",Mobilize,https://www.mobilize.us/coloradodemocraticparty/event/942482/,942482,6461875
2C,Yvonne Weissbarth,2026-10-31,Sat,3:00 PM – 6:00 PM,Weekend Canvassing for Killin: Falcon,Canvass,In person,Public,,"Peyton, CO 80831 (address private until signup)",Peyton,80831,,Killin for Colorado,,,,Killin for Colorado,,,"Approximate, from ZIP 80831 (HD 56)",Mobilize,https://www.mobilize.us/coloradodemocraticparty/event/1052343/,1052343,6545373
2C,Yvonne Weissbarth,2026-10-31,Sat,3:00 PM – 6:00 PM,Weekend Canvassing for Killin: Monument,Canvass,In person,Public,,"Monument, CO 80132 (address private until signup)",Monument,80132,,Killin for Colorado,,,,Killin for Colorado,,,"Approximate, from ZIP 80132 (HD 20)",Mobilize,https://www.mobilize.us/coloradodemocraticparty/event/1052330/,1052330,6545302
2C,Yvonne Weissbarth,2026-10-31,Sat,3:00 PM – 6:00 PM,Weekend Canvassing for Killin: Widefield,Canvass,In person,Public,,"Fountain, CO 80817 (address private until signup)",Fountain,80817,,Killin for Colorado,,,,Killin for Colorado,,,"Approximate, from ZIP 80817 (HD 21)",Mobilize,https://www.mobilize.us/coloradodemocraticparty/event/1052339/,1052339,6545343
1A,Emile Smith,2026-10-31,Sat,5:00 PM – 7:00 PM,Get Out The Vote | Coordinated Canvass Launch In HD-9,Canvass,In person,Public,,"TBD · Denver, CO 80206",Denver,80206,,Colorado Democratic Party,,,,,,,Event address (HD 6),Mobilize,https://www.mobilize.us/coloradodemocraticparty/event/1055370/,1055370,6575630
1A,Emile Smith,2026-10-31,Sat,5:00 PM – 7:00 PM,Get Out The Vote | Coordinated Canvass Launch In South Jefferson County,Canvass,In person,Public,,"TBD · Littleton, CO 80123",Littleton,80123,,Colorado Democratic Party,,,,,,,Event address (HD 1),Mobilize,https://www.mobilize.us/coloradodemocraticparty/event/1058292/,1058292,6590458
4,,2026-10-31,Sat,5:00 PM – 7:30 PM,Get Out the Vote with Team Manny! (Thornton),Canvass,In person,Public,,"Denver, CO 80260 (address private until signup)",Denver,80260,,Manny Rutinel for Congress,,,,Manny Rutinel for Congress,,,"Approximate, from ZIP 80260 (HD 31), CD-8 Adams",Mobilize,https://www.mobilize.us/coloradodemocraticparty/event/1055065/,1055065,6574048
2B,John Jerrald,2026-10-31,Sat,5:00 PM – 9:00 PM,"SD 11 Coordinated Phonebank | HD 17, HD 15 (Virtual)",Phone bank,Virtual,Public,Phone Bank; Get out the Vote,Virtual,Colorado Springs,80916,,Colorado Democratic Party,,,,,,,"Title mentions HD 17, HD 15",Mobilize,https://www.mobilize.us/coloradodemocraticparty/event/1047299/,1047299,6521844
2A,Stephanie Bowman,2026-10-31,Sat,5:00 PM – 9:00 PM,SD 9 Coordinated Phonebank | HD 14 (Virtual),Phone bank,Virtual,Public,Phone Bank; Get out the Vote,Virtual,Colorado Springs,80910,,Colorado Democratic Party,,,,,,,Title mentions HD 14,Mobilize,https://www.mobilize.us/coloradodemocraticparty/event/1051190/,1051190,6541227
2A,Stephanie Bowman,2026-10-31,Sat,5:00 PM – 9:00 PM,SD 9 Coordinated Phonebank | HD 14 (Virtual),Phone bank,Virtual,Public,Phone Bank; Get out the Vote,Virtual,Colorado Springs,80910,,Colorado Democratic Party,,,,,,,Title mentions HD 14,Mobilize,https://www.mobilize.us/coloradodemocraticparty/event/1051191/,1051191,6541238
2B,John Jerrald,2026-10-31,Sat,5:00 PM – 8:00 PM,Weekend Canvassing for Killin: COS,Canvass,In person,Public,,"Colorado Springs, CO 80904 (address private until signup)",Colorado Springs,80904,,Killin for Colorado,,,,Killin for Colorado,,,"Approximate, from ZIP 80904 (HD 18)",Mobilize,https://www.mobilize.us/coloradodemocraticparty/event/942482/,942482,6461879
2C,Yvonne Weissbarth,2026-10-31,Sat,5:00 PM – 8:00 PM,Weekend Canvassing for Killin: Falcon,Canvass,In person,Public,,"Peyton, CO 80831 (address private until signup)",Peyton,80831,,Killin for Colorado,,,,Killin for Colorado,,,"Approximate, from ZIP 80831 (HD 56)",Mobilize,https://www.mobilize.us/coloradodemocraticparty/event/1052343/,1052343,6545374
2C,Yvonne Weissbarth,2026-10-31,Sat,5:00 PM – 8:00 PM,Weekend Canvassing for Killin: Monument,Canvass,In person,Public,,"Monument, CO 80132 (address private until signup)",Monument,80132,,Killin for Colorado,,,,Killin for Colorado,,,"Approximate, from ZIP 80132 (HD 20)",Mobilize,https://www.mobilize.us/coloradodemocraticparty/event/1052330/,1052330,6545303
2C,Yvonne Weissbarth,2026-10-31,Sat,5:00 PM – 8:00 PM,Weekend Canvassing for Killin: Widefield,Canvass,In person,Public,,"Fountain, CO 80817 (address private until signup)",Fountain,80817,,Killin for Colorado,,,,Killin for Colorado,,,"Approximate, from ZIP 80817 (HD 21)",Mobilize,https://www.mobilize.us/coloradodemocraticparty/event/1052339/,1052339,6545344
D,,2026-11-01,Sun,12:00 AM – 11:59 PM,Volunteer Interest Form,Community,Virtual,Public,,Virtual,,,https://forms.gle/eWVSJ1Jt2ENrUxoo6,Killin for Colorado,,,,Killin for Colorado,,,Virtual event,Mobilize,https://www.mobilize.us/coloradodemocraticparty/event/896962/,896962,5773025
1B,Faraj Atwi,2026-11-01,Sun,9:00 AM – 3:00 PM,Get Out The Vote (GOTV) With Eliza Hamrick HD - 61,Canvass,In person,Public,,"Centennial · Centennial, CO 80112",Centennial,80112,,Colorado Democratic Party,,,,,,,Event address (HD 37),Mobilize,https://www.mobilize.us/coloradodemocraticparty/event/1024410/,1024410,6370586
1A,Emile Smith,2026-11-01,Sun,9:00 AM – 12:00 PM,Get Out The Vote | Coordinated Canvass Launch In HD-9,Canvass,In person,Public,,"TBD · Denver, CO 80206",Denver,80206,,Colorado Democratic Party,,,,,,,Event address (HD 6),Mobilize,https://www.mobilize.us/coloradodemocraticparty/event/1055370/,1055370,6575631
1A,Emile Smith,2026-11-01,Sun,9:00 AM – 12:00 PM,Get Out The Vote | Coordinated Canvass Launch In South Jefferson County,Canvass,In person,Public,,"TBD · Littleton, CO 80123",Littleton,80123,,Colorado Democratic Party,,,,,,,Event address (HD 1),Mobilize,https://www.mobilize.us/coloradodemocraticparty/event/1058292/,1058292,6590459
2B,John Jerrald,2026-11-01,Sun,9:00 AM – 12:00 PM,Weekend Canvassing for Killin: COS,Canvass,In person,Public,,"Colorado Springs, CO 80904 (address private until signup)",Colorado Springs,80904,,Killin for Colorado,,,,Killin for Colorado,,,"Approximate, from ZIP 80904 (HD 18)",Mobilize,https://www.mobilize.us/coloradodemocraticparty/event/942482/,942482,6461883
2C,Yvonne Weissbarth,2026-11-01,Sun,9:00 AM – 12:00 PM,Weekend Canvassing for Killin: Falcon,Canvass,In person,Public,,"Peyton, CO 80831 (address private until signup)",Peyton,80831,,Killin for Colorado,,,,Killin for Colorado,,,"Approximate, from ZIP 80831 (HD 56)",Mobilize,https://www.mobilize.us/coloradodemocraticparty/event/1052343/,1052343,6545375
2C,Yvonne Weissbarth,2026-11-01,Sun,9:00 AM – 12:00 PM,Weekend Canvassing for Killin: Monument,Canvass,In person,Public,,"Monument, CO 80132 (address private until signup)",Monument,80132,,Killin for Colorado,,,,Killin for Colorado,,,"Approximate, from ZIP 80132 (HD 20)",Mobilize,https://www.mobilize.us/coloradodemocraticparty/event/1052330/,1052330,6545304
2C,Yvonne Weissbarth,2026-11-01,Sun,9:00 AM – 12:00 PM,Weekend Canvassing for Killin: Widefield,Canvass,In person,Public,,"Fountain, CO 80817 (address private until signup)",Fountain,80817,,Killin for Colorado,,,,Killin for Colorado,,,"Approximate, from ZIP 80817 (HD 21)",Mobilize,https://www.mobilize.us/coloradodemocraticparty/event/1052339/,1052339,6545345
4,,2026-11-01,Sun,10:00 AM – 1:00 PM,Canvass with Team Manny (Thornton),Canvass,In person,Public,,"Thornton, CO 80260 (address private until signup)",Thornton,80260,,Manny Rutinel for Congress,,,,Manny Rutinel for Congress,,,"Approximate, from ZIP 80260 (HD 31), CD-8 Adams",Mobilize,https://www.mobilize.us/coloradodemocraticparty/event/989322/,989322,6154742
D,,2026-11-01,Sun,10:00 AM – 1:00 PM,GOTV Canvass Launch with Janice Marchman- Sunday Nov 1st,Canvass,In person,Public,,"3081 Aspen Dr · Loveland, CO 80538",Loveland,80538,,Colorado Democratic Party,,,,,,,"Event address (HD 51), outside regional turf",Mobilize,https://www.mobilize.us/coloradodemocraticparty/event/1056935/,1056935,6582552
1A,Emile Smith,2026-11-01,Sun,10:00 AM – 2:00 PM,Get Out The Vote | Coordinated Canvass Launch In Littleton,Canvass,In person,Public,,"Chaucer Park · 10558 W Vista View Dr · Littleton, CO 80127",Littleton,80127,,Colorado Democratic Party,,,,,,,Event address (HD 25),Mobilize,https://www.mobilize.us/coloradodemocraticparty/event/1055367/,1055367,6575625
4,,2026-11-01,Sun,10:00 AM – 12:30 PM,Get Out the Vote with Team Manny! (Thornton),Canvass,In person,Public,,"Denver, CO 80260 (address private until signup)",Denver,80260,,Manny Rutinel for Congress,,,,Manny Rutinel for Congress,,,"Approximate, from ZIP 80260 (HD 31), CD-8 Adams",Mobilize,https://www.mobilize.us/coloradodemocraticparty/event/1055065/,1055065,6574040
1B,Faraj Atwi,2026-11-01,Sun,10:00 AM – 12:00 PM,SD30 Kevin Leung GOTV Canvass Launch,Canvass,In person,Public,Canvass; Get out the Vote,"Highlands Ranch · Littleton, CO 80163",Littleton,80163,,Colorado Democratic Party,,,,,,,Event address (HD 43),Mobilize,https://www.mobilize.us/coloradodemocraticparty/event/1058937/,1058937,6593049
4,,2026-11-01,Sun,11:00 AM – 2:00 PM,Knock Doors with Team Manny Greeley with Tommy Butler for HD 50!,Canvass,In person,Public,,"Greeley, CO 80631 (address private until signup)",Greeley,80631,,Colorado Democratic Party,,,,,,,"Approximate, from ZIP 80631 (HD 50), CD-8 Weld",Mobilize,https://www.mobilize.us/coloradodemocraticparty/event/1039390/,1039390,6534821
3A,Keith Pierce,2026-11-01,Sun,11:30 AM – 2:00 PM,Glenwood Springs Canvass for the Democratic Slate,Canvass,In person,Public,Coordinated Campaign; Canvass; Garfield County,"Glenwood Springs Branch Library · 815 Cooper Ave 2nd floor · Glenwood Springs, CO 81601",Glenwood Springs,81601,,Colorado Democratic Party,,,,,,,Event address (HD 57),Mobilize,https://www.mobilize.us/coloradodemocraticparty/event/1057024/,1057024,6582871
4,,2026-11-01,Sun,12:00 PM – 2:30 PM,Canvass with Team Manny (Thornton),Canvass,In person,Public,,"Thornton, CO 80260 (address private until signup)",Thornton,80260,,Manny Rutinel for Congress,,,,Manny Rutinel for Congress,,,"Approximate, from ZIP 80260 (HD 31), CD-8 Adams",Mobilize,https://www.mobilize.us/coloradodemocraticparty/event/989322/,989322,6574113
2B,John Jerrald,2026-11-01,Sun,12:00 PM – 2:00 PM,GOTV - Coordinated Campaign Canvas in El Paso County,Canvass,In person,Public,Drivers; Canvass; Get out the Vote,"Colorado Springs, CO 80909 (address private until signup)",Colorado Springs,80909,,Colorado Democratic Party,,,,,,,"Approximate, from ZIP 80909 (HD 16)",Mobilize,https://www.mobilize.us/coloradodemocraticparty/event/1039398/,1039398,6472335
1A,Emile Smith,2026-11-01,Sun,12:00 PM – 3:00 PM,Get Out The Vote | Coordinated Canvass Launch In HD-9,Canvass,In person,Public,,"TBD · Denver, CO 80206",Denver,80206,,Colorado Democratic Party,,,,,,,Event address (HD 6),Mobilize,https://www.mobilize.us/coloradodemocraticparty/event/1055370/,1055370,6575632
1A,Emile Smith,2026-11-01,Sun,12:00 PM – 3:00 PM,Get Out The Vote | Coordinated Canvass Launch In South Jefferson County,Canvass,In person,Public,,"TBD · Littleton, CO 80123",Littleton,80123,,Colorado Democratic Party,,,,,,,Event address (HD 1),Mobilize,https://www.mobilize.us/coloradodemocraticparty/event/1058292/,1058292,6590460
4,,2026-11-01,Sun,12:00 PM – 2:30 PM,Get Out the Vote with Team Manny! (Thornton),Canvass,In person,Public,,"Denver, CO 80260 (address private until signup)",Denver,80260,,Manny Rutinel for Congress,,,,Manny Rutinel for Congress,,,"Approximate, from ZIP 80260 (HD 31), CD-8 Adams",Mobilize,https://www.mobilize.us/coloradodemocraticparty/event/1055065/,1055065,6574044
2B,John Jerrald,2026-11-01,Sun,12:00 PM – 2:00 PM,Sen. Exum SD 11 & Rep. Dr. English HD 17 | Colorado Springs Canvass,Canvass,In person,Public,Canvass; Get out the Vote,"2054 Jetwing Dr. , Colorado Springs, CO, United States, 80916 · 2054 Jet Wing Dr · Colorado Springs, CO 80916",Colorado Springs,80916,,Colorado Democratic Party,,,,,,,Event address (HD 17),Mobilize,https://www.mobilize.us/coloradodemocraticparty/event/1045785/,1045785,6513603
2B,John Jerrald,2026-11-01,Sun,12:00 PM – 3:00 PM,Weekend Canvassing for Killin: COS,Canvass,In person,Public,,"Colorado Springs, CO 80904 (address private until signup)",Colorado Springs,80904,,Killin for Colorado,,,,Killin for Colorado,,,"Approximate, from ZIP 80904 (HD 18)",Mobilize,https://www.mobilize.us/coloradodemocraticparty/event/942482/,942482,6461887
2C,Yvonne Weissbarth,2026-11-01,Sun,12:00 PM – 3:00 PM,Weekend Canvassing for Killin: Falcon,Canvass,In person,Public,,"Peyton, CO 80831 (address private until signup)",Peyton,80831,,Killin for Colorado,,,,Killin for Colorado,,,"Approximate, from ZIP 80831 (HD 56)",Mobilize,https://www.mobilize.us/coloradodemocraticparty/event/1052343/,1052343,6545376
2C,Yvonne Weissbarth,2026-11-01,Sun,12:00 PM – 3:00 PM,Weekend Canvassing for Killin: Monument,Canvass,In person,Public,,"Monument, CO 80132 (address private until signup)",Monument,80132,,Killin for Colorado,,,,Killin for Colorado,,,"Approximate, from ZIP 80132 (HD 20)",Mobilize,https://www.mobilize.us/coloradodemocraticparty/event/1052330/,1052330,6545305
2C,Yvonne Weissbarth,2026-11-01,Sun,12:00 PM – 3:00 PM,Weekend Canvassing for Killin: Widefield,Canvass,In person,Public,,"Fountain, CO 80817 (address private until signup)",Fountain,80817,,Killin for Colorado,,,,Killin for Colorado,,,"Approximate, from ZIP 80817 (HD 21)",Mobilize,https://www.mobilize.us/coloradodemocraticparty/event/1052339/,1052339,6545346
2B,John Jerrald,2026-11-01,Sun,1:00 PM – 5:00 PM,"SD 11 Coordinated Phonebank | HD 17, HD 15 (Virtual)",Phone bank,Virtual,Public,Phone Bank; Get out the Vote,Virtual,Colorado Springs,80916,,Colorado Democratic Party,,,,,,,"Title mentions HD 17, HD 15",Mobilize,https://www.mobilize.us/coloradodemocraticparty/event/1047299/,1047299,6521809
2A,Stephanie Bowman,2026-11-01,Sun,1:00 PM – 5:00 PM,SD 9 Coordinated Phonebank | HD 14 (Virtual),Phone bank,Virtual,Public,Phone Bank; Get out the Vote,Virtual,Colorado Springs,80910,,Colorado Democratic Party,,,,,,,Title mentions HD 14,Mobilize,https://www.mobilize.us/coloradodemocraticparty/event/1051190/,1051190,6541230
2A,Stephanie Bowman,2026-11-01,Sun,1:00 PM – 5:00 PM,SD 9 Coordinated Phonebank | HD 14 (Virtual),Phone bank,Virtual,Public,Phone Bank; Get out the Vote,Virtual,Colorado Springs,80910,,Colorado Democratic Party,,,,,,,Title mentions HD 14,Mobilize,https://www.mobilize.us/coloradodemocraticparty/event/1051191/,1051191,6541239
1B,Faraj Atwi,2026-11-01,Sun,1:00 PM – 6:00 PM,SD30 Kevin Leung GOTV Canvass Launch,Canvass,In person,Public,Canvass; Get out the Vote,"Highlands Ranch · Littleton, CO 80163",Littleton,80163,,Colorado Democratic Party,,,,,,,Event address (HD 43),Mobilize,https://www.mobilize.us/coloradodemocraticparty/event/1058937/,1058937,6593048
2B,John Jerrald,2026-11-01,Sun,2:00 PM – 4:00 PM,GOTV - Coordinated Campaign Canvas in El Paso County,Canvass,In person,Public,Drivers; Canvass; Get out the Vote,"Colorado Springs, CO 80909 (address private until signup)",Colorado Springs,80909,,Colorado Democratic Party,,,,,,,"Approximate, from ZIP 80909 (HD 16)",Mobilize,https://www.mobilize.us/coloradodemocraticparty/event/1039398/,1039398,6472341
2B,John Jerrald,2026-11-01,Sun,2:00 PM – 4:00 PM,Sen. Exum SD 11 & Rep. Dr. English HD 17 | Colorado Springs Canvass,Canvass,In person,Public,Canvass; Get out the Vote,"2054 Jetwing Dr. , Colorado Springs, CO, United States, 80916 · 2054 Jet Wing Dr · Colorado Springs, CO 80916",Colorado Springs,80916,,Colorado Democratic Party,,,,,,,Event address (HD 17),Mobilize,https://www.mobilize.us/coloradodemocraticparty/event/1045785/,1045785,6513609
1A,Emile Smith,2026-11-01,Sun,2:30 PM – 4:30 PM,"""Phil Out Your Ballot!"" Broncos Watch Party",Visibility event,In person,Public,Phil Weiser; Ballot Party,"Denver, CO 80223 (address private until signup)",Denver,80223,,Colorado Democratic Party,,,,,,,"Approximate, from ZIP 80223 (HD 5)",Mobilize,https://www.mobilize.us/coloradodemocraticparty/event/1058249/,1058249,6590313
1A,Emile Smith,2026-11-01,Sun,3:00 PM – 5:00 PM,Get Out The Vote | Coordinated Canvass Launch In HD-6,Canvass,In person,Public,,"Congress Park · 850 Josephine St · Denver, CO 80206",Denver,80206,,Colorado Democratic Party,,,,,,,Event address (HD 6),Mobilize,https://www.mobilize.us/coloradodemocraticparty/event/1055369/,1055369,6575633
1A,Emile Smith,2026-11-01,Sun,3:00 PM – 5:00 PM,Get Out The Vote | Coordinated Canvass Launch In North Jefferson County,Canvass,In person,Public,,"TBD · Littleton, CO 80123",Littleton,80123,,Colorado Democratic Party,,,,,,,Event address (HD 1),Mobilize,https://www.mobilize.us/coloradodemocraticparty/event/1058296/,1058296,6590484
4,,2026-11-01,Sun,3:00 PM – 5:30 PM,Get Out the Vote with Team Manny! (Thornton),Canvass,In person,Public,,"Denver, CO 80260 (address private until signup)",Denver,80260,,Manny Rutinel for Congress,,,,Manny Rutinel for Congress,,,"Approximate, from ZIP 80260 (HD 31), CD-8 Adams",Mobilize,https://www.mobilize.us/coloradodemocraticparty/event/1055065/,1055065,6574096
2B,John Jerrald,2026-11-01,Sun,3:00 PM – 6:00 PM,Weekend Canvassing for Killin: COS,Canvass,In person,Public,,"Colorado Springs, CO 80904 (address private until signup)",Colorado Springs,80904,,Killin for Colorado,,,,Killin for Colorado,,,"Approximate, from ZIP 80904 (HD 18)",Mobilize,https://www.mobilize.us/coloradodemocraticparty/event/942482/,942482,6461891
2C,Yvonne Weissbarth,2026-11-01,Sun,3:00 PM – 6:00 PM,Weekend Canvassing for Killin: Falcon,Canvass,In person,Public,,"Peyton, CO 80831 (address private until signup)",Peyton,80831,,Killin for Colorado,,,,Killin for Colorado,,,"Approximate, from ZIP 80831 (HD 56)",Mobilize,https://www.mobilize.us/coloradodemocraticparty/event/1052343/,1052343,6545377
2C,Yvonne Weissbarth,2026-11-01,Sun,3:00 PM – 6:00 PM,Weekend Canvassing for Killin: Monument,Canvass,In person,Public,,"Monument, CO 80132 (address private until signup)",Monument,80132,,Killin for Colorado,,,,Killin for Colorado,,,"Approximate, from ZIP 80132 (HD 20)",Mobilize,https://www.mobilize.us/coloradodemocraticparty/event/1052330/,1052330,6545306
2C,Yvonne Weissbarth,2026-11-01,Sun,3:00 PM – 6:00 PM,Weekend Canvassing for Killin: Widefield,Canvass,In person,Public,,"Fountain, CO 80817 (address private until signup)",Fountain,80817,,Killin for Colorado,,,,Killin for Colorado,,,"Approximate, from ZIP 80817 (HD 21)",Mobilize,https://www.mobilize.us/coloradodemocraticparty/event/1052339/,1052339,6545347
D,,2026-11-01,Sun,4:00 PM – 6:00 PM,Colorado Coordinated Campaign Phone Bank (Region 1: Denver Metro),Phone bank,Virtual,Public,,Virtual,,,,Colorado Democratic Party,,,,,,,Virtual event,Mobilize,https://www.mobilize.us/coloradodemocraticparty/event/1055970/,1055970,6584444
1A,Emile Smith,2026-11-01,Sun,5:00 PM – 7:00 PM,Get Out The Vote | Coordinated Canvass Launch In HD-6,Canvass,In person,Public,,"Congress Park · 850 Josephine St · Denver, CO 80206",Denver,80206,,Colorado Democratic Party,,,,,,,Event address (HD 6),Mobilize,https://www.mobilize.us/coloradodemocraticparty/event/1055369/,1055369,6575634
1A,Emile Smith,2026-11-01,Sun,5:00 PM – 7:00 PM,Get Out The Vote | Coordinated Canvass Launch In North Jefferson County,Canvass,In person,Public,,"TBD · Littleton, CO 80123",Littleton,80123,,Colorado Democratic Party,,,,,,,Event address (HD 1),Mobilize,https://www.mobilize.us/coloradodemocraticparty/event/1058296/,1058296,6590485
4,,2026-11-01,Sun,5:00 PM – 7:30 PM,Get Out the Vote with Team Manny! (Thornton),Canvass,In person,Public,,"Denver, CO 80260 (address private until signup)",Denver,80260,,Manny Rutinel for Congress,,,,Manny Rutinel for Congress,,,"Approximate, from ZIP 80260 (HD 31), CD-8 Adams",Mobilize,https://www.mobilize.us/coloradodemocraticparty/event/1055065/,1055065,6574049
2B,John Jerrald,2026-11-01,Sun,5:00 PM – 9:00 PM,"SD 11 Coordinated Phonebank | HD 17, HD 15 (Virtual)",Phone bank,Virtual,Public,Phone Bank; Get out the Vote,Virtual,Colorado Springs,80916,,Colorado Democratic Party,,,,,,,"Title mentions HD 17, HD 15",Mobilize,https://www.mobilize.us/coloradodemocraticparty/event/1047299/,1047299,6521845
2A,Stephanie Bowman,2026-11-01,Sun,5:00 PM – 9:00 PM,SD 9 Coordinated Phonebank | HD 14 (Virtual),Phone bank,Virtual,Public,Phone Bank; Get out the Vote,Virtual,Colorado Springs,80910,,Colorado Democratic Party,,,,,,,Title mentions HD 14,Mobilize,https://www.mobilize.us/coloradodemocraticparty/event/1051190/,1051190,6541231
2A,Stephanie Bowman,2026-11-01,Sun,5:00 PM – 9:00 PM,SD 9 Coordinated Phonebank | HD 14 (Virtual),Phone bank,Virtual,Public,Phone Bank; Get out the Vote,Virtual,Colorado Springs,80910,,Colorado Democratic Party,,,,,,,Title mentions HD 14,Mobilize,https://www.mobilize.us/coloradodemocraticparty/event/1051191/,1051191,6541240
2B,John Jerrald,2026-11-01,Sun,5:00 PM – 8:00 PM,Weekend Canvassing for Killin: COS,Canvass,In person,Public,,"Colorado Springs, CO 80904 (address private until signup)",Colorado Springs,80904,,Killin for Colorado,,,,Killin for Colorado,,,"Approximate, from ZIP 80904 (HD 18)",Mobilize,https://www.mobilize.us/coloradodemocraticparty/event/942482/,942482,6461895
2C,Yvonne Weissbarth,2026-11-01,Sun,5:00 PM – 8:00 PM,Weekend Canvassing for Killin: Falcon,Canvass,In person,Public,,"Peyton, CO 80831 (address private until signup)",Peyton,80831,,Killin for Colorado,,,,Killin for Colorado,,,"Approximate, from ZIP 80831 (HD 56)",Mobilize,https://www.mobilize.us/coloradodemocraticparty/event/1052343/,1052343,6545378
2C,Yvonne Weissbarth,2026-11-01,Sun,5:00 PM – 8:00 PM,Weekend Canvassing for Killin: Monument,Canvass,In person,Public,,"Monument, CO 80132 (address private until signup)",Monument,80132,,Killin for Colorado,,,,Killin for Colorado,,,"Approximate, from ZIP 80132 (HD 20)",Mobilize,https://www.mobilize.us/coloradodemocraticparty/event/1052330/,1052330,6545307
2C,Yvonne Weissbarth,2026-11-01,Sun,5:00 PM – 8:00 PM,Weekend Canvassing for Killin: Widefield,Canvass,In person,Public,,"Fountain, CO 80817 (address private until signup)",Fountain,80817,,Killin for Colorado,,,,Killin for Colorado,,,"Approximate, from ZIP 80817 (HD 21)",Mobilize,https://www.mobilize.us/coloradodemocraticparty/event/1052339/,1052339,6545348
D,,2026-11-02,Mon,12:00 AM – 11:59 PM,Volunteer Interest Form,Community,Virtual,Public,,Virtual,,,https://forms.gle/eWVSJ1Jt2ENrUxoo6,Killin for Colorado,,,,Killin for Colorado,,,Virtual event,Mobilize,https://www.mobilize.us/coloradodemocraticparty/event/896962/,896962,5773026
1B,Faraj Atwi,2026-11-02,Mon,9:00 AM – 6:00 PM,Arapahoe County GOTV Canvass Launch (All Day Long),Canvass,In person,Public,Canvass; Get out the Vote,"Aurora · Aurora, CO 80014",Aurora,80014,,Colorado Democratic Party,,,,,,,Event address (HD 41),Mobilize,https://www.mobilize.us/coloradodemocraticparty/event/1058944/,1058944,6593056
1A,Emile Smith,2026-11-02,Mon,9:00 AM – 12:00 PM,Get Out The Vote | Final Push | Denver,Canvass,In person,Public,,"TBD · Denver, CO 80206",Denver,80206,,Colorado Democratic Party,,,,,,,Event address (HD 6),Mobilize,https://www.mobilize.us/coloradodemocraticparty/event/1055380/,1055380,6590513
1A,Emile Smith,2026-11-02,Mon,9:00 AM – 12:00 PM,Get Out The Vote | Final Push | Jefferson County,Canvass,In person,Public,,"Littleton, CO 80123 (address private until signup)",Littleton,80123,,Colorado Democratic Party,,,,,,,"Approximate, from ZIP 80123 (HD 28)",Mobilize,https://www.mobilize.us/coloradodemocraticparty/event/1058311/,1058311,6590523
2B,John Jerrald,2026-11-02,Mon,10:00 AM – 2:00 PM,GOTV - Coordinated Campaign Canvas in El Paso County,Canvass,In person,Public,Drivers; Canvass; Get out the Vote,"Colorado Springs, CO 80909 (address private until signup)",Colorado Springs,80909,,Colorado Democratic Party,,,,,,,"Approximate, from ZIP 80909 (HD 16)",Mobilize,https://www.mobilize.us/coloradodemocraticparty/event/1039398/,1039398,6472458
4,,2026-11-02,Mon,10:00 AM – 12:30 PM,Get Out the Vote with Team Manny! (Thornton),Canvass,In person,Public,,"Denver, CO 80260 (address private until signup)",Denver,80260,,Manny Rutinel for Congress,,,,Manny Rutinel for Congress,,,"Approximate, from ZIP 80260 (HD 31), CD-8 Adams",Mobilize,https://www.mobilize.us/coloradodemocraticparty/event/1055065/,1055065,6574041
1B,Faraj Atwi,2026-11-02,Mon,10:00 AM – 6:00 PM,SD30 Kevin Leung GOTV Canvass Launch,Canvass,In person,Public,Canvass; Get out the Vote,"Highlands Ranch · Littleton, CO 80163",Littleton,80163,,Colorado Democratic Party,,,,,,,Event address (HD 43),Mobilize,https://www.mobilize.us/coloradodemocraticparty/event/1058937/,1058937,6593050
1A,Emile Smith,2026-11-02,Mon,12:00 PM – 3:00 PM,Get Out The Vote | Final Push | Denver,Canvass,In person,Public,,"TBD · Denver, CO 80206",Denver,80206,,Colorado Democratic Party,,,,,,,Event address (HD 6),Mobilize,https://www.mobilize.us/coloradodemocraticparty/event/1055380/,1055380,6590514
1A,Emile Smith,2026-11-02,Mon,12:00 PM – 3:00 PM,Get Out The Vote | Final Push | Jefferson County,Canvass,In person,Public,,"Littleton, CO 80123 (address private until signup)",Littleton,80123,,Colorado Democratic Party,,,,,,,"Approximate, from ZIP 80123 (HD 28)",Mobilize,https://www.mobilize.us/coloradodemocraticparty/event/1058311/,1058311,6590524
4,,2026-11-02,Mon,12:00 PM – 2:30 PM,Get Out the Vote with Team Manny! (Thornton),Canvass,In person,Public,,"Denver, CO 80260 (address private until signup)",Denver,80260,,Manny Rutinel for Congress,,,,Manny Rutinel for Congress,,,"Approximate, from ZIP 80260 (HD 31), CD-8 Adams",Mobilize,https://www.mobilize.us/coloradodemocraticparty/event/1055065/,1055065,6574045
2B,John Jerrald,2026-11-02,Mon,1:00 PM – 5:00 PM,"SD 11 Coordinated Phonebank | HD 17, HD 15 (Virtual)",Phone bank,Virtual,Public,Phone Bank; Get out the Vote,Virtual,Colorado Springs,80916,,Colorado Democratic Party,,,,,,,"Title mentions HD 17, HD 15",Mobilize,https://www.mobilize.us/coloradodemocraticparty/event/1047299/,1047299,6521810
2A,Stephanie Bowman,2026-11-02,Mon,1:00 PM – 5:00 PM,SD 9 Coordinated Phonebank | HD 14 (Virtual),Phone bank,Virtual,Public,Phone Bank; Get out the Vote,Virtual,Colorado Springs,80910,,Colorado Democratic Party,,,,,,,Title mentions HD 14,Mobilize,https://www.mobilize.us/coloradodemocraticparty/event/1051190/,1051190,6541232
2A,Stephanie Bowman,2026-11-02,Mon,1:00 PM – 5:00 PM,SD 9 Coordinated Phonebank | HD 14 (Virtual),Phone bank,Virtual,Public,Phone Bank; Get out the Vote,Virtual,Colorado Springs,80910,,Colorado Democratic Party,,,,,,,Title mentions HD 14,Mobilize,https://www.mobilize.us/coloradodemocraticparty/event/1051191/,1051191,6541241
D,,2026-11-02,Mon,2:00 PM – 5:00 PM,"GOTV Canvass Launch with Janice Marchman- Monday Nov 2, 2-5pm",Canvass,In person,Public,,"Benson Sculpture Park · 3081 Aspen Dr · Loveland, CO 80538",Loveland,80538,,Colorado Democratic Party,,,,,,,"Event address (HD 51), outside regional turf",Mobilize,https://www.mobilize.us/coloradodemocraticparty/event/1056940/,1056940,6582559
1A,Emile Smith,2026-11-02,Mon,3:00 PM – 5:00 PM,Get Out The Vote | Final Push | Denver,Canvass,In person,Public,,"TBD · Denver, CO 80206",Denver,80206,,Colorado Democratic Party,,,,,,,Event address (HD 6),Mobilize,https://www.mobilize.us/coloradodemocraticparty/event/1055380/,1055380,6590515
1A,Emile Smith,2026-11-02,Mon,3:00 PM – 5:00 PM,Get Out The Vote | Final Push | Jefferson County,Canvass,In person,Public,,"Littleton, CO 80123 (address private until signup)",Littleton,80123,,Colorado Democratic Party,,,,,,,"Approximate, from ZIP 80123 (HD 28)",Mobilize,https://www.mobilize.us/coloradodemocraticparty/event/1058311/,1058311,6590525
4,,2026-11-02,Mon,3:00 PM – 5:30 PM,Get Out the Vote with Team Manny! (Thornton),Canvass,In person,Public,,"Denver, CO 80260 (address private until signup)",Denver,80260,,Manny Rutinel for Congress,,,,Manny Rutinel for Congress,,,"Approximate, from ZIP 80260 (HD 31), CD-8 Adams",Mobilize,https://www.mobilize.us/coloradodemocraticparty/event/1055065/,1055065,6574097
D,,2026-11-02,Mon,4:00 PM – 5:00 PM,Coordinated Campaign REACH Training & Power Hour,Phone bank,Virtual,Public,Training; Relational Organizing; Reach,Virtual,,,,Colorado Democratic Party,,,,,,,Virtual event,Mobilize,https://www.mobilize.us/coloradodemocraticparty/event/1048523/,1048523,6529207
1A,Emile Smith,2026-11-02,Mon,5:00 PM – 7:00 PM,Get Out The Vote | Final Push | Denver,Canvass,In person,Public,,"TBD · Denver, CO 80206",Denver,80206,,Colorado Democratic Party,,,,,,,Event address (HD 6),Mobilize,https://www.mobilize.us/coloradodemocraticparty/event/1055380/,1055380,6590516
1A,Emile Smith,2026-11-02,Mon,5:00 PM – 7:00 PM,Get Out The Vote | Final Push | Jefferson County,Canvass,In person,Public,,"Littleton, CO 80123 (address private until signup)",Littleton,80123,,Colorado Democratic Party,,,,,,,"Approximate, from ZIP 80123 (HD 28)",Mobilize,https://www.mobilize.us/coloradodemocraticparty/event/1058311/,1058311,6590526
4,,2026-11-02,Mon,5:00 PM – 7:30 PM,Get Out the Vote with Team Manny! (Thornton),Canvass,In person,Public,,"Denver, CO 80260 (address private until signup)",Denver,80260,,Manny Rutinel for Congress,,,,Manny Rutinel for Congress,,,"Approximate, from ZIP 80260 (HD 31), CD-8 Adams",Mobilize,https://www.mobilize.us/coloradodemocraticparty/event/1055065/,1055065,6574050
2B,John Jerrald,2026-11-02,Mon,5:00 PM – 9:00 PM,"SD 11 Coordinated Phonebank | HD 17, HD 15 (Virtual)",Phone bank,Virtual,Public,Phone Bank; Get out the Vote,Virtual,Colorado Springs,80916,,Colorado Democratic Party,,,,,,,"Title mentions HD 17, HD 15",Mobilize,https://www.mobilize.us/coloradodemocraticparty/event/1047299/,1047299,6521846
2A,Stephanie Bowman,2026-11-02,Mon,5:00 PM – 9:00 PM,SD 9 Coordinated Phonebank | HD 14 (Virtual),Phone bank,Virtual,Public,Phone Bank; Get out the Vote,Virtual,Colorado Springs,80910,,Colorado Democratic Party,,,,,,,Title mentions HD 14,Mobilize,https://www.mobilize.us/coloradodemocraticparty/event/1051191/,1051191,6541242
2A,Stephanie Bowman,2026-11-02,Mon,5:00 PM – 9:00 PM,SD 9 Coordinated Phonebank | HD 14 (Virtual),Phone bank,Virtual,Public,Phone Bank; Get out the Vote,Virtual,Colorado Springs,80910,,Colorado Democratic Party,,,,,,,Title mentions HD 14,Mobilize,https://www.mobilize.us/coloradodemocraticparty/event/1051190/,1051190,6541243
4,,2026-11-02,Mon,5:30 PM – 7:30 PM,Relational Text Bank with Team Manny,Text bank,In person,Public,,"Thornton · Thornton, CO 80260",Thornton,80260,,Manny Rutinel for Congress,,,,Manny Rutinel for Congress,,,"Event address (HD 31), CD-8 Adams",Mobilize,https://www.mobilize.us/coloradodemocraticparty/event/1053495/,1053495,6561157
1B,Faraj Atwi,2026-11-02,Mon,6:00 PM – 8:00 PM,"""Phil Out Your Ballot"" Nuggets Watch Party",Visibility event,In person,Public,Phil Weiser; Ballot Party,"Aurora, CO 80010 (address private until signup)",Aurora,80010,,Colorado Democratic Party,,,,,,,"Approximate, from ZIP 80010 (HD 42)",Mobilize,https://www.mobilize.us/coloradodemocraticparty/event/1058253/,1058253,6590318
D,,2026-11-03,Tue,12:00 AM – 11:59 PM,Volunteer Interest Form,Community,Virtual,Public,,Virtual,,,https://forms.gle/eWVSJ1Jt2ENrUxoo6,Killin for Colorado,,,,Killin for Colorado,,,Virtual event,Mobilize,https://www.mobilize.us/coloradodemocraticparty/event/896962/,896962,5773027
1B,Faraj Atwi,2026-11-03,Tue,9:00 AM – 4:00 PM,Arapahoe County GOTV Canvass Launch (All Day Long),Canvass,In person,Public,Canvass; Get out the Vote,"Aurora · Aurora, CO 80014",Aurora,80014,,Colorado Democratic Party,,,,,,,Event address (HD 41),Mobilize,https://www.mobilize.us/coloradodemocraticparty/event/1058944/,1058944,6593059
1A,Emile Smith,2026-11-03,Tue,9:00 AM – 12:00 PM,Get Out The Vote | Final Push | Denver,Canvass,In person,Public,,"TBD · Denver, CO 80206",Denver,80206,,Colorado Democratic Party,,,,,,,Event address (HD 6),Mobilize,https://www.mobilize.us/coloradodemocraticparty/event/1055380/,1055380,6575647
1A,Emile Smith,2026-11-03,Tue,9:00 AM – 12:00 PM,Get Out The Vote | Final Push | Jefferson County,Canvass,In person,Public,,"Littleton, CO 80123 (address private until signup)",Littleton,80123,,Colorado Democratic Party,,,,,,,"Approximate, from ZIP 80123 (HD 28)",Mobilize,https://www.mobilize.us/coloradodemocraticparty/event/1058311/,1058311,6590527
1B,Faraj Atwi,2026-11-03,Tue,9:00 AM – 4:00 PM,SD30 Kevin Leung GOTV Canvass Launch,Canvass,In person,Public,Canvass; Get out the Vote,"Highlands Ranch · Littleton, CO 80163",Littleton,80163,,Colorado Democratic Party,,,,,,,Event address (HD 43),Mobilize,https://www.mobilize.us/coloradodemocraticparty/event/1058937/,1058937,6593061
D,,2026-11-03,Tue,10:00 AM – 1:00 PM,"Election Day Canvass Launch with Janice Marchman- Tues Nov 3, 10am-1pm",Canvass,In person,Public,,"Benson Sculpture Park · 3081 Aspen Dr · Loveland, CO 80538",Loveland,80538,,Colorado Democratic Party,,,,,,,"Event address (HD 51), outside regional turf",Mobilize,https://www.mobilize.us/coloradodemocraticparty/event/1056947/,1056947,6582574
4,,2026-11-03,Tue,10:00 AM – 12:30 PM,Get Out the Vote with Team Manny! (Thornton),Canvass,In person,Public,,"Denver, CO 80260 (address private until signup)",Denver,80260,,Manny Rutinel for Congress,,,,Manny Rutinel for Congress,,,"Approximate, from ZIP 80260 (HD 31), CD-8 Adams",Mobilize,https://www.mobilize.us/coloradodemocraticparty/event/1055065/,1055065,6574042
1A,Emile Smith,2026-11-03,Tue,12:00 PM – 3:00 PM,Get Out The Vote | Final Push | Denver,Canvass,In person,Public,,"TBD · Denver, CO 80206",Denver,80206,,Colorado Democratic Party,,,,,,,Event address (HD 6),Mobilize,https://www.mobilize.us/coloradodemocraticparty/event/1055380/,1055380,6575648
1A,Emile Smith,2026-11-03,Tue,12:00 PM – 3:00 PM,Get Out The Vote | Final Push | Jefferson County,Canvass,In person,Public,,"Littleton, CO 80123 (address private until signup)",Littleton,80123,,Colorado Democratic Party,,,,,,,"Approximate, from ZIP 80123 (HD 28)",Mobilize,https://www.mobilize.us/coloradodemocraticparty/event/1058311/,1058311,6590528
4,,2026-11-03,Tue,12:00 PM – 2:30 PM,Get Out the Vote with Team Manny! (Thornton),Canvass,In person,Public,,"Denver, CO 80260 (address private until signup)",Denver,80260,,Manny Rutinel for Congress,,,,Manny Rutinel for Congress,,,"Approximate, from ZIP 80260 (HD 31), CD-8 Adams",Mobilize,https://www.mobilize.us/coloradodemocraticparty/event/1055065/,1055065,6574046
D,,2026-11-03,Tue,2:00 PM – 5:00 PM,"Election Day Canvass Launch with Janice Marchman- Tues Nov 3, 2-5pm",Canvass,In person,Public,,"Benson Sculpture Park · 3081 Aspen Dr · Loveland, CO 80538",Loveland,80538,,Colorado Democratic Party,,,,,,,"Event address (HD 51), outside regional turf",Mobilize,https://www.mobilize.us/coloradodemocraticparty/event/1056953/,1056953,6582582
1A,Emile Smith,2026-11-03,Tue,3:00 PM – 5:00 PM,Get Out The Vote | Final Push | Denver,Canvass,In person,Public,,"TBD · Denver, CO 80206",Denver,80206,,Colorado Democratic Party,,,,,,,Event address (HD 6),Mobilize,https://www.mobilize.us/coloradodemocraticparty/event/1055380/,1055380,6575649
1A,Emile Smith,2026-11-03,Tue,3:00 PM – 5:00 PM,Get Out The Vote | Final Push | Jefferson County,Canvass,In person,Public,,"Littleton, CO 80123 (address private until signup)",Littleton,80123,,Colorado Democratic Party,,,,,,,"Approximate, from ZIP 80123 (HD 28)",Mobilize,https://www.mobilize.us/coloradodemocraticparty/event/1058311/,1058311,6590529
4,,2026-11-03,Tue,3:00 PM – 5:30 PM,Get Out the Vote with Team Manny! (Thornton),Canvass,In person,Public,,"Denver, CO 80260 (address private until signup)",Denver,80260,,Manny Rutinel for Congress,,,,Manny Rutinel for Congress,,,"Approximate, from ZIP 80260 (HD 31), CD-8 Adams",Mobilize,https://www.mobilize.us/coloradodemocraticparty/event/1055065/,1055065,6574098
1A,Emile Smith,2026-11-03,Tue,4:00 PM – 7:00 PM,"Make Calls, Win Colorado: CDP Phone Bank at Team Phil HQ",Phone bank,In person,Public,Denver; Coordinated Campaign; Phone Bank,"3840 York St · Denver, CO 80205",Denver,80205,,Colorado Democratic Party,,,,,,,Event address (HD 8),Mobilize,https://www.mobilize.us/coloradodemocraticparty/event/1050901/,1050901,6539967
1A,Emile Smith,2026-11-03,Tue,5:00 PM – 7:00 PM,Get Out The Vote | Final Push | Denver,Canvass,In person,Public,,"TBD · Denver, CO 80206",Denver,80206,,Colorado Democratic Party,,,,,,,Event address (HD 6),Mobilize,https://www.mobilize.us/coloradodemocraticparty/event/1055380/,1055380,6575650
1A,Emile Smith,2026-11-03,Tue,5:00 PM – 7:00 PM,Get Out The Vote | Final Push | Jefferson County,Canvass,In person,Public,,"Littleton, CO 80123 (address private until signup)",Littleton,80123,,Colorado Democratic Party,,,,,,,"Approximate, from ZIP 80123 (HD 28)",Mobilize,https://www.mobilize.us/coloradodemocraticparty/event/1058311/,1058311,6590530
4,,2026-11-03,Tue,5:30 PM – 7:30 PM,Canvass with Team Manny (Thornton),Canvass,In person,Public,,"Thornton, CO 80260 (address private until signup)",Thornton,80260,,Manny Rutinel for Congress,,,,Manny Rutinel for Congress,,,"Approximate, from ZIP 80260 (HD 31), CD-8 Adams",Mobilize,https://www.mobilize.us/coloradodemocraticparty/event/989322/,989322,6485435
D,,2026-11-03,Tue,5:30 PM – 8:00 PM,Colorado Coordinated Campaign Phone Bank (Distributed),Phone bank,Virtual,Public,,Virtual,,,,Colorado Democratic Party,,,,,,,Virtual event,Mobilize,https://www.mobilize.us/coloradodemocraticparty/event/1055961/,1055961,6578175
D,,2026-11-03,Tue,5:30 PM – 8:00 PM,Colorado Coordinated Campaign Phone Bank (Region 1: Denver Metro),Phone bank,Virtual,Public,,Virtual,,,,Colorado Democratic Party,,,,,,,Virtual event,Mobilize,https://www.mobilize.us/coloradodemocraticparty/event/1055970/,1055970,6578220
D,,2026-11-03,Tue,5:30 PM – 8:00 PM,Colorado Coordinated Campaign Phone Bank (Region 3: CD-3),Phone bank,Virtual,Public,,Virtual,,,,Colorado Democratic Party,,,,,,,Virtual event,Mobilize,https://www.mobilize.us/coloradodemocraticparty/event/1055979/,1055979,6578247
D,,2026-11-04,Wed,12:00 AM – 11:59 PM,Volunteer Interest Form,Community,Virtual,Public,,Virtual,,,https://forms.gle/eWVSJ1Jt2ENrUxoo6,Killin for Colorado,,,,Killin for Colorado,,,Virtual event,Mobilize,https://www.mobilize.us/coloradodemocraticparty/event/896962/,896962,5773028
D,,2026-11-05,Thu,12:00 AM – 11:59 PM,Volunteer Interest Form,Community,Virtual,Public,,Virtual,,,https://forms.gle/eWVSJ1Jt2ENrUxoo6,Killin for Colorado,,,,Killin for Colorado,,,Virtual event,Mobilize,https://www.mobilize.us/coloradodemocraticparty/event/896962/,896962,5773029
D,,2026-11-06,Fri,12:00 AM – 11:59 PM,Volunteer Interest Form,Community,Virtual,Public,,Virtual,,,https://forms.gle/eWVSJ1Jt2ENrUxoo6,Killin for Colorado,,,,Killin for Colorado,,,Virtual event,Mobilize,https://www.mobilize.us/coloradodemocraticparty/event/896962/,896962,5773030
D,,2026-11-07,Sat,12:00 AM – 11:59 PM,Volunteer Interest Form,Community,Virtual,Public,,Virtual,,,https://forms.gle/eWVSJ1Jt2ENrUxoo6,Killin for Colorado,,,,Killin for Colorado,,,Virtual event,Mobilize,https://www.mobilize.us/coloradodemocraticparty/event/896962/,896962,5773031
D,,2026-11-08,Sun,12:00 AM – 11:59 PM,Volunteer Interest Form,Community,Virtual,Public,,Virtual,,,https://forms.gle/eWVSJ1Jt2ENrUxoo6,Killin for Colorado,,,,Killin for Colorado,,,Virtual event,Mobilize,https://www.mobilize.us/coloradodemocraticparty/event/896962/,896962,5773032
D,,2026-11-09,Mon,12:00 AM – 11:59 PM,Volunteer Interest Form,Community,Virtual,Public,,Virtual,,,https://forms.gle/eWVSJ1Jt2ENrUxoo6,Killin for Colorado,,,,Killin for Colorado,,,Virtual event,Mobilize,https://www.mobilize.us/coloradodemocraticparty/event/896962/,896962,5773033
D,,2026-11-10,Tue,12:00 AM – 11:59 PM,Volunteer Interest Form,Community,Virtual,Public,,Virtual,,,https://forms.gle/eWVSJ1Jt2ENrUxoo6,Killin for Colorado,,,,Killin for Colorado,,,Virtual event,Mobilize,https://www.mobilize.us/coloradodemocraticparty/event/896962/,896962,5773034
D,,2026-11-11,Wed,12:00 AM – 11:59 PM,Volunteer Interest Form,Community,Virtual,Public,,Virtual,,,https://forms.gle/eWVSJ1Jt2ENrUxoo6,Killin for Colorado,,,,Killin for Colorado,,,Virtual event,Mobilize,https://www.mobilize.us/coloradodemocraticparty/event/896962/,896962,5773035
D,,2026-11-12,Thu,12:00 AM – 11:59 PM,Volunteer Interest Form,Community,Virtual,Public,,Virtual,,,https://forms.gle/eWVSJ1Jt2ENrUxoo6,Killin for Colorado,,,,Killin for Colorado,,,Virtual event,Mobilize,https://www.mobilize.us/coloradodemocraticparty/event/896962/,896962,5773036
D,,2026-11-13,Fri,12:00 AM – 11:59 PM,Volunteer Interest Form,Community,Virtual,Public,,Virtual,,,https://forms.gle/eWVSJ1Jt2ENrUxoo6,Killin for Colorado,,,,Killin for Colorado,,,Virtual event,Mobilize,https://www.mobilize.us/coloradodemocraticparty/event/896962/,896962,5773037
D,,2026-11-14,Sat,12:00 AM – 11:59 PM,Volunteer Interest Form,Community,Virtual,Public,,Virtual,,,https://forms.gle/eWVSJ1Jt2ENrUxoo6,Killin for Colorado,,,,Killin for Colorado,,,Virtual event,Mobilize,https://www.mobilize.us/coloradodemocraticparty/event/896962/,896962,5773038
D,,2026-11-15,Sun,12:00 AM – 11:59 PM,Volunteer Interest Form,Community,Virtual,Public,,Virtual,,,https://forms.gle/eWVSJ1Jt2ENrUxoo6,Killin for Colorado,,,,Killin for Colorado,,,Virtual event,Mobilize,https://www.mobilize.us/coloradodemocraticparty/event/896962/,896962,5773039
D,,2026-11-16,Mon,12:00 AM – 11:59 PM,Volunteer Interest Form,Community,Virtual,Public,,Virtual,,,https://forms.gle/eWVSJ1Jt2ENrUxoo6,Killin for Colorado,,,,Killin for Colorado,,,Virtual event,Mobilize,https://www.mobilize.us/coloradodemocraticparty/event/896962/,896962,5773040
D,,2026-11-17,Tue,12:00 AM – 11:59 PM,Volunteer Interest Form,Community,Virtual,Public,,Virtual,,,https://forms.gle/eWVSJ1Jt2ENrUxoo6,Killin for Colorado,,,,Killin for Colorado,,,Virtual event,Mobilize,https://www.mobilize.us/coloradodemocraticparty/event/896962/,896962,5773041
D,,2026-11-18,Wed,12:00 AM – 11:59 PM,Volunteer Interest Form,Community,Virtual,Public,,Virtual,,,https://forms.gle/eWVSJ1Jt2ENrUxoo6,Killin for Colorado,,,,Killin for Colorado,,,Virtual event,Mobilize,https://www.mobilize.us/coloradodemocraticparty/event/896962/,896962,5773042
D,,2026-11-19,Thu,12:00 AM – 11:59 PM,Volunteer Interest Form,Community,Virtual,Public,,Virtual,,,https://forms.gle/eWVSJ1Jt2ENrUxoo6,Killin for Colorado,,,,Killin for Colorado,,,Virtual event,Mobilize,https://www.mobilize.us/coloradodemocraticparty/event/896962/,896962,5773043
D,,2026-11-20,Fri,12:00 AM – 11:59 PM,Volunteer Interest Form,Community,Virtual,Public,,Virtual,,,https://forms.gle/eWVSJ1Jt2ENrUxoo6,Killin for Colorado,,,,Killin for Colorado,,,Virtual event,Mobilize,https://www.mobilize.us/coloradodemocraticparty/event/896962/,896962,5773044
D,,2026-11-21,Sat,12:00 AM – 11:59 PM,Volunteer Interest Form,Community,Virtual,Public,,Virtual,,,https://forms.gle/eWVSJ1Jt2ENrUxoo6,Killin for Colorado,,,,Killin for Colorado,,,Virtual event,Mobilize,https://www.mobilize.us/coloradodemocraticparty/event/896962/,896962,5773045
D,,2026-11-22,Sun,12:00 AM – 11:59 PM,Volunteer Interest Form,Community,Virtual,Public,,Virtual,,,https://forms.gle/eWVSJ1Jt2ENrUxoo6,Killin for Colorado,,,,Killin for Colorado,,,Virtual event,Mobilize,https://www.mobilize.us/coloradodemocraticparty/event/896962/,896962,5773046
D,,2026-11-23,Mon,12:00 AM – 11:59 PM,Volunteer Interest Form,Community,Virtual,Public,,Virtual,,,https://forms.gle/eWVSJ1Jt2ENrUxoo6,Killin for Colorado,,,,Killin for Colorado,,,Virtual event,Mobilize,https://www.mobilize.us/coloradodemocraticparty/event/896962/,896962,5773047
D,,2026-11-24,Tue,12:00 AM – 11:59 PM,Volunteer Interest Form,Community,Virtual,Public,,Virtual,,,https://forms.gle/eWVSJ1Jt2ENrUxoo6,Killin for Colorado,,,,Killin for Colorado,,,Virtual event,Mobilize,https://www.mobilize.us/coloradodemocraticparty/event/896962/,896962,5773048
D,,2026-11-25,Wed,12:00 AM – 11:59 PM,Volunteer Interest Form,Community,Virtual,Public,,Virtual,,,https://forms.gle/eWVSJ1Jt2ENrUxoo6,Killin for Colorado,,,,Killin for Colorado,,,Virtual event,Mobilize,https://www.mobilize.us/coloradodemocraticparty/event/896962/,896962,5773049
D,,2026-11-26,Thu,12:00 AM – 11:59 PM,Volunteer Interest Form,Community,Virtual,Public,,Virtual,,,https://forms.gle/eWVSJ1Jt2ENrUxoo6,Killin for Colorado,,,,Killin for Colorado,,,Virtual event,Mobilize,https://www.mobilize.us/coloradodemocraticparty/event/896962/,896962,5773050
D,,2026-11-27,Fri,12:00 AM – 11:59 PM,Volunteer Interest Form,Community,Virtual,Public,,Virtual,,,https://forms.gle/eWVSJ1Jt2ENrUxoo6,Killin for Colorado,,,,Killin for Colorado,,,Virtual event,Mobilize,https://www.mobilize.us/coloradodemocraticparty/event/896962/,896962,5773051
D,,2026-11-28,Sat,12:00 AM – 11:59 PM,Volunteer Interest Form,Community,Virtual,Public,,Virtual,,,https://forms.gle/eWVSJ1Jt2ENrUxoo6,Killin for Colorado,,,,Killin for Colorado,,,Virtual event,Mobilize,https://www.mobilize.us/coloradodemocraticparty/event/896962/,896962,5773052
D,,2026-11-29,Sun,12:00 AM – 11:59 PM,Volunteer Interest Form,Community,Virtual,Public,,Virtual,,,https://forms.gle/eWVSJ1Jt2ENrUxoo6,Killin for Colorado,,,,Killin for Colorado,,,Virtual event,Mobilize,https://www.mobilize.us/coloradodemocraticparty/event/896962/,896962,5773053
D,,2026-11-30,Mon,12:00 AM – 11:59 PM,Volunteer Interest Form,Community,Virtual,Public,,Virtual,,,https://forms.gle/eWVSJ1Jt2ENrUxoo6,Killin for Colorado,,,,Killin for Colorado,,,Virtual event,Mobilize,https://www.mobilize.us/coloradodemocraticparty/event/896962/,896962,5773054
D,,2026-12-01,Tue,12:00 AM – 11:59 PM,Volunteer Interest Form,Community,Virtual,Public,,Virtual,,,https://forms.gle/eWVSJ1Jt2ENrUxoo6,Killin for Colorado,,,,Killin for Colorado,,,Virtual event,Mobilize,https://www.mobilize.us/coloradodemocraticparty/event/896962/,896962,5773055
D,,2026-12-02,Wed,12:00 AM – 11:59 PM,Volunteer Interest Form,Community,Virtual,Public,,Virtual,,,https://forms.gle/eWVSJ1Jt2ENrUxoo6,Killin for Colorado,,,,Killin for Colorado,,,Virtual event,Mobilize,https://www.mobilize.us/coloradodemocraticparty/event/896962/,896962,5773056
D,,2026-12-03,Thu,12:00 AM – 11:59 PM,Volunteer Interest Form,Community,Virtual,Public,,Virtual,,,https://forms.gle/eWVSJ1Jt2ENrUxoo6,Killin for Colorado,,,,Killin for Colorado,,,Virtual event,Mobilize,https://www.mobilize.us/coloradodemocraticparty/event/896962/,896962,5773057
D,,2026-12-04,Fri,12:00 AM – 11:59 PM,Volunteer Interest Form,Community,Virtual,Public,,Virtual,,,https://forms.gle/eWVSJ1Jt2ENrUxoo6,Killin for Colorado,,,,Killin for Colorado,,,Virtual event,Mobilize,https://www.mobilize.us/coloradodemocraticparty/event/896962/,896962,5773058
D,,2026-12-05,Sat,12:00 AM – 11:59 PM,Volunteer Interest Form,Community,Virtual,Public,,Virtual,,,https://forms.gle/eWVSJ1Jt2ENrUxoo6,Killin for Colorado,,,,Killin for Colorado,,,Virtual event,Mobilize,https://www.mobilize.us/coloradodemocraticparty/event/896962/,896962,5773059
D,,2026-12-06,Sun,12:00 AM – 11:59 PM,Volunteer Interest Form,Community,Virtual,Public,,Virtual,,,https://forms.gle/eWVSJ1Jt2ENrUxoo6,Killin for Colorado,,,,Killin for Colorado,,,Virtual event,Mobilize,https://www.mobilize.us/coloradodemocraticparty/event/896962/,896962,5773060
D,,2026-12-07,Mon,12:00 AM – 11:59 PM,Volunteer Interest Form,Community,Virtual,Public,,Virtual,,,https://forms.gle/eWVSJ1Jt2ENrUxoo6,Killin for Colorado,,,,Killin for Colorado,,,Virtual event,Mobilize,https://www.mobilize.us/coloradodemocraticparty/event/896962/,896962,5773061
D,,2026-12-08,Tue,12:00 AM – 11:59 PM,Volunteer Interest Form,Community,Virtual,Public,,Virtual,,,https://forms.gle/eWVSJ1Jt2ENrUxoo6,Killin for Colorado,,,,Killin for Colorado,,,Virtual event,Mobilize,https://www.mobilize.us/coloradodemocraticparty/event/896962/,896962,5773062
D,,2026-12-09,Wed,12:00 AM – 11:59 PM,Volunteer Interest Form,Community,Virtual,Public,,Virtual,,,https://forms.gle/eWVSJ1Jt2ENrUxoo6,Killin for Colorado,,,,Killin for Colorado,,,Virtual event,Mobilize,https://www.mobilize.us/coloradodemocraticparty/event/896962/,896962,5773063
D,,2026-12-10,Thu,12:00 AM – 11:59 PM,Volunteer Interest Form,Community,Virtual,Public,,Virtual,,,https://forms.gle/eWVSJ1Jt2ENrUxoo6,Killin for Colorado,,,,Killin for Colorado,,,Virtual event,Mobilize,https://www.mobilize.us/coloradodemocraticparty/event/896962/,896962,5773064
D,,2026-12-11,Fri,12:00 AM – 11:59 PM,Volunteer Interest Form,Community,Virtual,Public,,Virtual,,,https://forms.gle/eWVSJ1Jt2ENrUxoo6,Killin for Colorado,,,,Killin for Colorado,,,Virtual event,Mobilize,https://www.mobilize.us/coloradodemocraticparty/event/896962/,896962,5773065
D,,2026-12-12,Sat,12:00 AM – 11:59 PM,Volunteer Interest Form,Community,Virtual,Public,,Virtual,,,https://forms.gle/eWVSJ1Jt2ENrUxoo6,Killin for Colorado,,,,Killin for Colorado,,,Virtual event,Mobilize,https://www.mobilize.us/coloradodemocraticparty/event/896962/,896962,5773066
D,,2026-12-13,Sun,12:00 AM – 11:59 PM,Volunteer Interest Form,Community,Virtual,Public,,Virtual,,,https://forms.gle/eWVSJ1Jt2ENrUxoo6,Killin for Colorado,,,,Killin for Colorado,,,Virtual event,Mobilize,https://www.mobilize.us/coloradodemocraticparty/event/896962/,896962,5773067
D,,2026-12-14,Mon,12:00 AM – 11:59 PM,Volunteer Interest Form,Community,Virtual,Public,,Virtual,,,https://forms.gle/eWVSJ1Jt2ENrUxoo6,Killin for Colorado,,,,Killin for Colorado,,,Virtual event,Mobilize,https://www.mobilize.us/coloradodemocraticparty/event/896962/,896962,5773068
D,,2026-12-15,Tue,12:00 AM – 11:59 PM,Volunteer Interest Form,Community,Virtual,Public,,Virtual,,,https://forms.gle/eWVSJ1Jt2ENrUxoo6,Killin for Colorado,,,,Killin for Colorado,,,Virtual event,Mobilize,https://www.mobilize.us/coloradodemocraticparty/event/896962/,896962,5773069
D,,2026-12-16,Wed,12:00 AM – 11:59 PM,Volunteer Interest Form,Community,Virtual,Public,,Virtual,,,https://forms.gle/eWVSJ1Jt2ENrUxoo6,Killin for Colorado,,,,Killin for Colorado,,,Virtual event,Mobilize,https://www.mobilize.us/coloradodemocraticparty/event/896962/,896962,5773070
D,,2026-12-17,Thu,12:00 AM – 11:59 PM,Volunteer Interest Form,Community,Virtual,Public,,Virtual,,,https://forms.gle/eWVSJ1Jt2ENrUxoo6,Killin for Colorado,,,,Killin for Colorado,,,Virtual event,Mobilize,https://www.mobilize.us/coloradodemocraticparty/event/896962/,896962,5773071
D,,2026-12-18,Fri,12:00 AM – 11:59 PM,Volunteer Interest Form,Community,Virtual,Public,,Virtual,,,https://forms.gle/eWVSJ1Jt2ENrUxoo6,Killin for Colorado,,,,Killin for Colorado,,,Virtual event,Mobilize,https://www.mobilize.us/coloradodemocraticparty/event/896962/,896962,5773072
D,,2026-12-19,Sat,12:00 AM – 11:59 PM,Volunteer Interest Form,Community,Virtual,Public,,Virtual,,,https://forms.gle/eWVSJ1Jt2ENrUxoo6,Killin for Colorado,,,,Killin for Colorado,,,Virtual event,Mobilize,https://www.mobilize.us/coloradodemocraticparty/event/896962/,896962,5773073
D,,2026-12-20,Sun,12:00 AM – 11:59 PM,Volunteer Interest Form,Community,Virtual,Public,,Virtual,,,https://forms.gle/eWVSJ1Jt2ENrUxoo6,Killin for Colorado,,,,Killin for Colorado,,,Virtual event,Mobilize,https://www.mobilize.us/coloradodemocraticparty/event/896962/,896962,5773074
D,,2026-12-21,Mon,12:00 AM – 11:59 PM,Volunteer Interest Form,Community,Virtual,Public,,Virtual,,,https://forms.gle/eWVSJ1Jt2ENrUxoo6,Killin for Colorado,,,,Killin for Colorado,,,Virtual event,Mobilize,https://www.mobilize.us/coloradodemocraticparty/event/896962/,896962,5773075
D,,2026-12-22,Tue,12:00 AM – 11:59 PM,Volunteer Interest Form,Community,Virtual,Public,,Virtual,,,https://forms.gle/eWVSJ1Jt2ENrUxoo6,Killin for Colorado,,,,Killin for Colorado,,,Virtual event,Mobilize,https://www.mobilize.us/coloradodemocraticparty/event/896962/,896962,5773076
D,,2026-12-23,Wed,12:00 AM – 11:59 PM,Volunteer Interest Form,Community,Virtual,Public,,Virtual,,,https://forms.gle/eWVSJ1Jt2ENrUxoo6,Killin for Colorado,,,,Killin for Colorado,,,Virtual event,Mobilize,https://www.mobilize.us/coloradodemocraticparty/event/896962/,896962,5773077
D,,2026-12-24,Thu,12:00 AM – 11:59 PM,Volunteer Interest Form,Community,Virtual,Public,,Virtual,,,https://forms.gle/eWVSJ1Jt2ENrUxoo6,Killin for Colorado,,,,Killin for Colorado,,,Virtual event,Mobilize,https://www.mobilize.us/coloradodemocraticparty/event/896962/,896962,5773078
D,,2026-12-25,Fri,12:00 AM – 11:59 PM,Volunteer Interest Form,Community,Virtual,Public,,Virtual,,,https://forms.gle/eWVSJ1Jt2ENrUxoo6,Killin for Colorado,,,,Killin for Colorado,,,Virtual event,Mobilize,https://www.mobilize.us/coloradodemocraticparty/event/896962/,896962,5773079
D,,2026-12-26,Sat,12:00 AM – 11:59 PM,Volunteer Interest Form,Community,Virtual,Public,,Virtual,,,https://forms.gle/eWVSJ1Jt2ENrUxoo6,Killin for Colorado,,,,Killin for Colorado,,,Virtual event,Mobilize,https://www.mobilize.us/coloradodemocraticparty/event/896962/,896962,5773080
D,,2026-12-27,Sun,12:00 AM – 11:59 PM,Volunteer Interest Form,Community,Virtual,Public,,Virtual,,,https://forms.gle/eWVSJ1Jt2ENrUxoo6,Killin for Colorado,,,,Killin for Colorado,,,Virtual event,Mobilize,https://www.mobilize.us/coloradodemocraticparty/event/896962/,896962,5773081
D,,2026-12-28,Mon,12:00 AM – 11:59 PM,Volunteer Interest Form,Community,Virtual,Public,,Virtual,,,https://forms.gle/eWVSJ1Jt2ENrUxoo6,Killin for Colorado,,,,Killin for Colorado,,,Virtual event,Mobilize,https://www.mobilize.us/coloradodemocraticparty/event/896962/,896962,5773082
D,,2026-12-29,Tue,12:00 AM – 11:59 PM,Volunteer Interest Form,Community,Virtual,Public,,Virtual,,,https://forms.gle/eWVSJ1Jt2ENrUxoo6,Killin for Colorado,,,,Killin for Colorado,,,Virtual event,Mobilize,https://www.mobilize.us/coloradodemocraticparty/event/896962/,896962,5773083
D,,2026-12-30,Wed,12:00 AM – 11:59 PM,Volunteer Interest Form,Community,Virtual,Public,,Virtual,,,https://forms.gle/eWVSJ1Jt2ENrUxoo6,Killin for Colorado,,,,Killin for Colorado,,,Virtual event,Mobilize,https://www.mobilize.us/coloradodemocraticparty/event/896962/,896962,5773084
D,,2026-12-31,Thu,12:00 AM – 11:59 PM,Volunteer Interest Form,Community,Virtual,Public,,Virtual,,,https://forms.gle/eWVSJ1Jt2ENrUxoo6,Killin for Colorado,,,,Killin for Colorado,,,Virtual event,Mobilize,https://www.mobilize.us/coloradodemocraticparty/event/896962/,896962,5773085
1A,Emile Smith,2026-12-31,Thu,12:00 PM – 2:00 PM,Get Out The Vote | Coordinated Canvass Launch In HD-6,Canvass,In person,Public,,"Congress Park · 850 Josephine St · Denver, CO 80206",Denver,80206,,Colorado Democratic Party,,,,,,,Event address (HD 6),Mobilize,https://www.mobilize.us/coloradodemocraticparty/event/1055369/,1055369,6575628
